hw,backend,bucket,cost_ratio
RTX_4500_Ada_Generation,eager,T1/224,2.7317
RTX_4500_Ada_Generation,eager,T8/224,1.6080
RTX_4500_Ada_Generation,eager,T32/224,1.4552
RTX_4500_Ada_Generation,eager,T1/384,2.7782
RTX_4500_Ada_Generation,eager,T8/384,1.9755
RTX_4500_Ada_Generation,eager,T32/384,1.0912
RTX_4500_Ada_Generation,eager,S1/224,3.1878
RTX_4500_Ada_Generation,eager,S8/224,2.5233
RTX_4500_Ada_Generation,eager,S32/224,4.4073
RTX_4500_Ada_Generation,eager,S1/384,2.8114
RTX_4500_Ada_Generation,eager,S8/384,4.7699
RTX_4500_Ada_Generation,eager,S32/384,1.9573
RTX_4500_Ada_Generation,eager,D1/224,3.1993
RTX_4500_Ada_Generation,eager,D8/224,2.5568
RTX_4500_Ada_Generation,eager,D32/224,4.3785
RTX_4500_Ada_Generation,eager,D1/384,2.8041
RTX_4500_Ada_Generation,eager,D8/384,4.6913
RTX_4500_Ada_Generation,eager,D32/384,2.1158
RTX_4500_Ada_Generation,eager,B1/224,2.6330
RTX_4500_Ada_Generation,eager,B8/224,6.3099
RTX_4500_Ada_Generation,eager,B32/224,3.0987
RTX_4500_Ada_Generation,eager,B1/384,3.9131
RTX_4500_Ada_Generation,eager,B8/384,5.9371
RTX_4500_Ada_Generation,eager,B32/384,4.1360
RTX_4500_Ada_Generation,torchscript,T1/224,1.9708
RTX_4500_Ada_Generation,torchscript,T8/224,1.5982
RTX_4500_Ada_Generation,torchscript,T32/224,1.4299
RTX_4500_Ada_Generation,torchscript,T1/384,2.3654
RTX_4500_Ada_Generation,torchscript,T8/384,1.9323
RTX_4500_Ada_Generation,torchscript,T32/384,1.0872
RTX_4500_Ada_Generation,torchscript,S1/224,2.6559
RTX_4500_Ada_Generation,torchscript,S8/224,2.4892
RTX_4500_Ada_Generation,torchscript,S32/224,4.4144
RTX_4500_Ada_Generation,torchscript,S1/384,2.7858
RTX_4500_Ada_Generation,torchscript,S8/384,4.7413
RTX_4500_Ada_Generation,torchscript,S32/384,1.9599
RTX_4500_Ada_Generation,torchscript,D1/224,2.7910
RTX_4500_Ada_Generation,torchscript,D8/224,2.5125
RTX_4500_Ada_Generation,torchscript,D32/224,4.3801
RTX_4500_Ada_Generation,torchscript,D1/384,2.8006
RTX_4500_Ada_Generation,torchscript,D8/384,4.6820
RTX_4500_Ada_Generation,torchscript,D32/384,2.1256
RTX_4500_Ada_Generation,torchscript,B1/224,2.6315
RTX_4500_Ada_Generation,torchscript,B8/224,6.2425
RTX_4500_Ada_Generation,torchscript,B32/224,3.0909
RTX_4500_Ada_Generation,torchscript,B1/384,3.8997
RTX_4500_Ada_Generation,torchscript,B8/384,5.9711
RTX_4500_Ada_Generation,torchscript,B32/384,4.1343
RTX_4500_Ada_Generation,inductor_default,T1/224,2.8359
RTX_4500_Ada_Generation,inductor_default,T8/224,1.6089
RTX_4500_Ada_Generation,inductor_default,T32/224,1.4026
RTX_4500_Ada_Generation,inductor_default,T1/384,2.6754
RTX_4500_Ada_Generation,inductor_default,T8/384,1.9580
RTX_4500_Ada_Generation,inductor_default,T32/384,1.0791
RTX_4500_Ada_Generation,inductor_default,S1/224,3.2361
RTX_4500_Ada_Generation,inductor_default,S8/224,2.5112
RTX_4500_Ada_Generation,inductor_default,S32/224,4.4253
RTX_4500_Ada_Generation,inductor_default,S1/384,2.8197
RTX_4500_Ada_Generation,inductor_default,S8/384,4.7858
RTX_4500_Ada_Generation,inductor_default,S32/384,1.9589
RTX_4500_Ada_Generation,inductor_default,D1/224,3.3881
RTX_4500_Ada_Generation,inductor_default,D8/224,2.5525
RTX_4500_Ada_Generation,inductor_default,D32/224,4.4096
RTX_4500_Ada_Generation,inductor_default,D1/384,2.8141
RTX_4500_Ada_Generation,inductor_default,D8/384,4.7151
RTX_4500_Ada_Generation,inductor_default,D32/384,2.1167
RTX_4500_Ada_Generation,inductor_default,B1/224,2.6187
RTX_4500_Ada_Generation,inductor_default,B8/224,6.2693
RTX_4500_Ada_Generation,inductor_default,B32/224,3.1430
RTX_4500_Ada_Generation,inductor_default,B1/384,3.9082
RTX_4500_Ada_Generation,inductor_default,B8/384,5.9253
RTX_4500_Ada_Generation,inductor_default,B32/384,4.1285
RTX_4500_Ada_Generation,inductor_maxautotune,T1/224,2.5094
RTX_4500_Ada_Generation,inductor_maxautotune,T8/224,1.5575
RTX_4500_Ada_Generation,inductor_maxautotune,T32/224,1.4493
RTX_4500_Ada_Generation,inductor_maxautotune,T1/384,2.6695
RTX_4500_Ada_Generation,inductor_maxautotune,T8/384,1.9790
RTX_4500_Ada_Generation,inductor_maxautotune,T32/384,1.0914
RTX_4500_Ada_Generation,inductor_maxautotune,S1/224,2.8849
RTX_4500_Ada_Generation,inductor_maxautotune,S8/224,2.5142
RTX_4500_Ada_Generation,inductor_maxautotune,S32/224,4.4210
RTX_4500_Ada_Generation,inductor_maxautotune,S1/384,2.8142
RTX_4500_Ada_Generation,inductor_maxautotune,S8/384,4.7740
RTX_4500_Ada_Generation,inductor_maxautotune,S32/384,1.9538
RTX_4500_Ada_Generation,inductor_maxautotune,D1/224,3.3627
RTX_4500_Ada_Generation,inductor_maxautotune,D8/224,2.5602
RTX_4500_Ada_Generation,inductor_maxautotune,D32/224,4.4079
RTX_4500_Ada_Generation,inductor_maxautotune,D1/384,2.8386
RTX_4500_Ada_Generation,inductor_maxautotune,D8/384,4.7076
RTX_4500_Ada_Generation,inductor_maxautotune,D32/384,2.1190
RTX_4500_Ada_Generation,inductor_maxautotune,B1/224,2.6373
RTX_4500_Ada_Generation,inductor_maxautotune,B8/224,6.2503
RTX_4500_Ada_Generation,inductor_maxautotune,B32/224,3.1015
RTX_4500_Ada_Generation,inductor_maxautotune,B1/384,3.9227
RTX_4500_Ada_Generation,inductor_maxautotune,B8/384,5.9493
RTX_4500_Ada_Generation,inductor_maxautotune,B32/384,4.1101
RTX_4500_Ada_Generation,ort_cuda_fp32,T1/224,2.5234
RTX_4500_Ada_Generation,ort_cuda_fp32,T8/224,1.9839
RTX_4500_Ada_Generation,ort_cuda_fp32,T32/224,1.8336
RTX_4500_Ada_Generation,ort_cuda_fp32,T1/384,2.4029
RTX_4500_Ada_Generation,ort_cuda_fp32,T8/384,2.5365
RTX_4500_Ada_Generation,ort_cuda_fp32,T32/384,1.7765
RTX_4500_Ada_Generation,ort_cuda_fp32,S1/224,2.3235
RTX_4500_Ada_Generation,ort_cuda_fp32,S8/224,2.1585
RTX_4500_Ada_Generation,ort_cuda_fp32,S32/224,4.2665
RTX_4500_Ada_Generation,ort_cuda_fp32,S1/384,2.5013
RTX_4500_Ada_Generation,ort_cuda_fp32,S8/384,4.8439
RTX_4500_Ada_Generation,ort_cuda_fp32,S32/384,2.6063
RTX_4500_Ada_Generation,ort_cuda_fp32,D1/224,2.4142
RTX_4500_Ada_Generation,ort_cuda_fp32,D8/224,2.1440
RTX_4500_Ada_Generation,ort_cuda_fp32,D32/224,4.2227
RTX_4500_Ada_Generation,ort_cuda_fp32,D1/384,2.4794
RTX_4500_Ada_Generation,ort_cuda_fp32,D8/384,4.8017
RTX_4500_Ada_Generation,ort_cuda_fp32,D32/384,2.7341
RTX_4500_Ada_Generation,ort_cuda_fp32,B1/224,1.8586
RTX_4500_Ada_Generation,ort_cuda_fp32,B8/224,2.4486
RTX_4500_Ada_Generation,ort_cuda_fp32,B32/224,2.3064
RTX_4500_Ada_Generation,ort_cuda_fp32,B1/384,2.4705
RTX_4500_Ada_Generation,ort_cuda_fp32,B8/384,4.5465
RTX_4500_Ada_Generation,ort_cuda_fp32,B32/384,3.7103
RTX_4500_Ada_Generation,ort_cuda_fp16,T1/224,2.1346
RTX_4500_Ada_Generation,ort_cuda_fp16,T8/224,1.5878
RTX_4500_Ada_Generation,ort_cuda_fp16,T32/224,1.2561
RTX_4500_Ada_Generation,ort_cuda_fp16,T1/384,1.9190
RTX_4500_Ada_Generation,ort_cuda_fp16,T8/384,1.5761
RTX_4500_Ada_Generation,ort_cuda_fp16,T32/384,1.3076
RTX_4500_Ada_Generation,ort_cuda_fp16,S1/224,1.8604
RTX_4500_Ada_Generation,ort_cuda_fp16,S8/224,1.5192
RTX_4500_Ada_Generation,ort_cuda_fp16,S32/224,1.5500
RTX_4500_Ada_Generation,ort_cuda_fp16,S1/384,1.7222
RTX_4500_Ada_Generation,ort_cuda_fp16,S8/384,1.8944
RTX_4500_Ada_Generation,ort_cuda_fp16,S32/384,1.5237
RTX_4500_Ada_Generation,ort_cuda_fp16,D1/224,1.8829
RTX_4500_Ada_Generation,ort_cuda_fp16,D8/224,1.5054
RTX_4500_Ada_Generation,ort_cuda_fp16,D32/224,1.5656
RTX_4500_Ada_Generation,ort_cuda_fp16,D1/384,1.7116
RTX_4500_Ada_Generation,ort_cuda_fp16,D8/384,1.8853
RTX_4500_Ada_Generation,ort_cuda_fp16,D32/384,1.7237
RTX_4500_Ada_Generation,ort_cuda_fp16,B1/224,1.2053
RTX_4500_Ada_Generation,ort_cuda_fp16,B8/224,1.4054
RTX_4500_Ada_Generation,ort_cuda_fp16,B32/224,1.3533
RTX_4500_Ada_Generation,ort_cuda_fp16,B1/384,1.5282
RTX_4500_Ada_Generation,ort_cuda_fp16,B8/384,2.6288
RTX_4500_Ada_Generation,ort_cuda_fp16,B32/384,2.0614
RTX_4500_Ada_Generation,ort_trt,T1/224,1.0000
RTX_4500_Ada_Generation,ort_trt,T8/224,1.0000
RTX_4500_Ada_Generation,ort_trt,T32/224,1.0000
RTX_4500_Ada_Generation,ort_trt,T1/384,1.0000
RTX_4500_Ada_Generation,ort_trt,T8/384,1.0000
RTX_4500_Ada_Generation,ort_trt,T32/384,1.0000
RTX_4500_Ada_Generation,ort_trt,S1/224,1.0000
RTX_4500_Ada_Generation,ort_trt,S8/224,1.0000
RTX_4500_Ada_Generation,ort_trt,S32/224,1.0000
RTX_4500_Ada_Generation,ort_trt,S1/384,1.0000
RTX_4500_Ada_Generation,ort_trt,S8/384,1.0000
RTX_4500_Ada_Generation,ort_trt,S32/384,1.0000
RTX_4500_Ada_Generation,ort_trt,D1/224,1.0000
RTX_4500_Ada_Generation,ort_trt,D8/224,1.0000
RTX_4500_Ada_Generation,ort_trt,D32/224,1.0000
RTX_4500_Ada_Generation,ort_trt,D1/384,1.0000
RTX_4500_Ada_Generation,ort_trt,D8/384,1.0000
RTX_4500_Ada_Generation,ort_trt,D32/384,1.0000
RTX_4500_Ada_Generation,ort_trt,B1/224,1.0000
RTX_4500_Ada_Generation,ort_trt,B8/224,1.0000
RTX_4500_Ada_Generation,ort_trt,B32/224,1.0000
RTX_4500_Ada_Generation,ort_trt,B1/384,1.0000
RTX_4500_Ada_Generation,ort_trt,B8/384,1.0000
RTX_4500_Ada_Generation,ort_trt,B32/384,1.0000
Tesla_T4,eager,T1/224,2.9118
Tesla_T4,eager,T8/224,2.3734
Tesla_T4,eager,T32/224,3.1677
Tesla_T4,eager,T1/384,2.4262
Tesla_T4,eager,T8/384,3.5500
Tesla_T4,eager,T32/384,2.2689
Tesla_T4,eager,S1/224,2.5641
Tesla_T4,eager,S8/224,4.9464
Tesla_T4,eager,S32/224,3.0169
Tesla_T4,eager,S1/384,3.4840
Tesla_T4,eager,S8/384,3.2614
Tesla_T4,eager,S32/384,3.4491
Tesla_T4,eager,D1/224,2.4656
Tesla_T4,eager,D8/224,4.9500
Tesla_T4,eager,D32/224,3.0689
Tesla_T4,eager,D1/384,3.4962
Tesla_T4,eager,D8/384,3.3080
Tesla_T4,eager,D32/384,3.4706
Tesla_T4,eager,B1/224,3.3580
Tesla_T4,eager,B8/224,3.9727
Tesla_T4,eager,B32/224,4.4997
Tesla_T4,eager,B1/384,5.2568
Tesla_T4,eager,B8/384,4.5168
Tesla_T4,eager,B32/384,4.0674
Tesla_T4,torchscript,T1/224,2.0654
Tesla_T4,torchscript,T8/224,2.3485
Tesla_T4,torchscript,T32/224,3.1594
Tesla_T4,torchscript,T1/384,2.2339
Tesla_T4,torchscript,T8/384,3.5320
Tesla_T4,torchscript,T32/384,2.2724
Tesla_T4,torchscript,S1/224,2.2397
Tesla_T4,torchscript,S8/224,4.9819
Tesla_T4,torchscript,S32/224,3.0096
Tesla_T4,torchscript,S1/384,3.4789
Tesla_T4,torchscript,S8/384,3.2610
Tesla_T4,torchscript,S32/384,3.4499
Tesla_T4,torchscript,D1/224,2.1884
Tesla_T4,torchscript,D8/224,4.9977
Tesla_T4,torchscript,D32/224,3.0475
Tesla_T4,torchscript,D1/384,3.4672
Tesla_T4,torchscript,D8/384,3.3279
Tesla_T4,torchscript,D32/384,3.4656
Tesla_T4,torchscript,B1/224,3.3844
Tesla_T4,torchscript,B8/224,4.0415
Tesla_T4,torchscript,B32/224,4.4806
Tesla_T4,torchscript,B1/384,5.2629
Tesla_T4,torchscript,B8/384,4.5459
Tesla_T4,torchscript,B32/384,4.0730
Tesla_T4,inductor_default,T1/224,2.8814
Tesla_T4,inductor_default,T8/224,2.3644
Tesla_T4,inductor_default,T32/224,3.0457
Tesla_T4,inductor_default,T1/384,2.0672
Tesla_T4,inductor_default,T8/384,3.5407
Tesla_T4,inductor_default,T32/384,2.2048
Tesla_T4,inductor_default,S1/224,2.7791
Tesla_T4,inductor_default,S8/224,4.9554
Tesla_T4,inductor_default,S32/224,3.0065
Tesla_T4,inductor_default,S1/384,3.4803
Tesla_T4,inductor_default,S8/384,3.2324
Tesla_T4,inductor_default,S32/384,3.4498
Tesla_T4,inductor_default,D1/224,2.6315
Tesla_T4,inductor_default,D8/224,4.9706
Tesla_T4,inductor_default,D32/224,3.0221
Tesla_T4,inductor_default,D1/384,3.4909
Tesla_T4,inductor_default,D8/384,3.3211
Tesla_T4,inductor_default,D32/384,3.4580
Tesla_T4,inductor_default,B1/224,3.3498
Tesla_T4,inductor_default,B8/224,3.9873
Tesla_T4,inductor_default,B32/224,4.5956
Tesla_T4,inductor_default,B1/384,5.2580
Tesla_T4,inductor_default,B8/384,4.5284
Tesla_T4,inductor_default,B32/384,4.0710
Tesla_T4,inductor_maxautotune,T1/224,1.4548
Tesla_T4,inductor_maxautotune,T8/224,2.2865
Tesla_T4,inductor_maxautotune,T32/224,3.1987
Tesla_T4,inductor_maxautotune,T1/384,2.5960
Tesla_T4,inductor_maxautotune,T8/384,3.5424
Tesla_T4,inductor_maxautotune,T32/384,2.2784
Tesla_T4,inductor_maxautotune,S1/224,2.1194
Tesla_T4,inductor_maxautotune,S8/224,4.9660
Tesla_T4,inductor_maxautotune,S32/224,3.0078
Tesla_T4,inductor_maxautotune,S1/384,3.4677
Tesla_T4,inductor_maxautotune,S8/384,3.2530
Tesla_T4,inductor_maxautotune,S32/384,3.4463
Tesla_T4,inductor_maxautotune,D1/224,2.0999
Tesla_T4,inductor_maxautotune,D8/224,4.9579
Tesla_T4,inductor_maxautotune,D32/224,3.0286
Tesla_T4,inductor_maxautotune,D1/384,3.4737
Tesla_T4,inductor_maxautotune,D8/384,3.3107
Tesla_T4,inductor_maxautotune,D32/384,3.4685
Tesla_T4,inductor_maxautotune,B1/224,3.3668
Tesla_T4,inductor_maxautotune,B8/224,3.9827
Tesla_T4,inductor_maxautotune,B32/224,4.5092
Tesla_T4,inductor_maxautotune,B1/384,5.2561
Tesla_T4,inductor_maxautotune,B8/384,4.5183
Tesla_T4,inductor_maxautotune,B32/384,4.0699
Tesla_T4,ort_cuda_fp32,T1/224,2.2433
Tesla_T4,ort_cuda_fp32,T8/224,2.9838
Tesla_T4,ort_cuda_fp32,T32/224,3.8060
Tesla_T4,ort_cuda_fp32,T1/384,2.9142
Tesla_T4,ort_cuda_fp32,T8/384,4.3884
Tesla_T4,ort_cuda_fp32,T32/384,3.3171
Tesla_T4,ort_cuda_fp32,S1/224,2.3733
Tesla_T4,ort_cuda_fp32,S8/224,5.3642
Tesla_T4,ort_cuda_fp32,S32/224,3.3044
Tesla_T4,ort_cuda_fp32,S1/384,3.9519
Tesla_T4,ort_cuda_fp32,S8/384,3.8098
Tesla_T4,ort_cuda_fp32,S32/384,4.2293
Tesla_T4,ort_cuda_fp32,D1/224,2.3356
Tesla_T4,ort_cuda_fp32,D8/224,5.3751
Tesla_T4,ort_cuda_fp32,D32/224,3.3181
Tesla_T4,ort_cuda_fp32,D1/384,3.9720
Tesla_T4,ort_cuda_fp32,D8/384,3.9356
Tesla_T4,ort_cuda_fp32,D32/384,4.2360
Tesla_T4,ort_cuda_fp32,B1/224,3.4053
Tesla_T4,ort_cuda_fp32,B8/224,4.1533
Tesla_T4,ort_cuda_fp32,B32/224,4.7473
Tesla_T4,ort_cuda_fp32,B1/384,5.3407
Tesla_T4,ort_cuda_fp32,B8/384,4.7062
Tesla_T4,ort_cuda_fp32,B32/384,4.8262
Tesla_T4,ort_cuda_fp16,T1/224,1.9434
Tesla_T4,ort_cuda_fp16,T8/224,1.4247
Tesla_T4,ort_cuda_fp16,T32/224,2.2379
Tesla_T4,ort_cuda_fp16,T1/384,1.6293
Tesla_T4,ort_cuda_fp16,T8/384,2.5322
Tesla_T4,ort_cuda_fp16,T32/384,1.6143
Tesla_T4,ort_cuda_fp16,S1/224,1.4597
Tesla_T4,ort_cuda_fp16,S8/224,1.4701
Tesla_T4,ort_cuda_fp16,S32/224,1.3458
Tesla_T4,ort_cuda_fp16,S1/384,1.6944
Tesla_T4,ort_cuda_fp16,S8/384,1.6509
Tesla_T4,ort_cuda_fp16,S32/384,1.8590
Tesla_T4,ort_cuda_fp16,D1/224,1.4394
Tesla_T4,ort_cuda_fp16,D8/224,1.4525
Tesla_T4,ort_cuda_fp16,D32/224,1.3482
Tesla_T4,ort_cuda_fp16,D1/384,1.6863
Tesla_T4,ort_cuda_fp16,D8/384,1.7072
Tesla_T4,ort_cuda_fp16,D32/384,1.7425
Tesla_T4,ort_cuda_fp16,B1/224,1.0000
Tesla_T4,ort_cuda_fp16,B8/224,1.3234
Tesla_T4,ort_cuda_fp16,B32/224,1.3352
Tesla_T4,ort_cuda_fp16,B1/384,1.6402
Tesla_T4,ort_cuda_fp16,B8/384,1.4970
Tesla_T4,ort_cuda_fp16,B32/384,1.5391
Tesla_T4,ort_trt,T1/224,1.0000
Tesla_T4,ort_trt,T8/224,1.0000
Tesla_T4,ort_trt,T32/224,1.0000
Tesla_T4,ort_trt,T1/384,1.0000
Tesla_T4,ort_trt,T8/384,1.0000
Tesla_T4,ort_trt,T32/384,1.0000
Tesla_T4,ort_trt,S1/224,1.0000
Tesla_T4,ort_trt,S8/224,1.0000
Tesla_T4,ort_trt,S32/224,1.0000
Tesla_T4,ort_trt,S1/384,1.0000
Tesla_T4,ort_trt,S8/384,1.0000
Tesla_T4,ort_trt,S32/384,1.0000
Tesla_T4,ort_trt,D1/224,1.0000
Tesla_T4,ort_trt,D8/224,1.0000
Tesla_T4,ort_trt,D32/224,1.0000
Tesla_T4,ort_trt,D1/384,1.0000
Tesla_T4,ort_trt,D8/384,1.0000
Tesla_T4,ort_trt,D32/384,1.0000
Tesla_T4,ort_trt,B1/224,1.1102
Tesla_T4,ort_trt,B8/224,1.0000
Tesla_T4,ort_trt,B32/224,1.0000
Tesla_T4,ort_trt,B1/384,1.0000
Tesla_T4,ort_trt,B8/384,1.0000
Tesla_T4,ort_trt,B32/384,1.0000
