step,phase,delta_oracle,delta_GLR-UCB,delta_D-UCB,delta_SW-UCB,switch_oracle,switch_GLR-UCB,switch_D-UCB,switch_SW-UCB
0,0,-4.4,89.5,89.5,89.5,0,0,0,0
1,0,-8.8,2090.9,2090.9,2090.9,0,1,1,1
2,0,-13.4,3515.4,3515.4,3515.4,0,1,1,1
3,0,-17.9,4923.0,4923.0,4923.0,0,1,1,1
4,0,-22.2,5459.0,5459.0,5459.0,0,1,1,1
5,0,-27.0,5721.6,5721.6,5721.6,0,1,1,1
6,0,-31.6,47069.2,47069.2,47069.2,0,1,1,1
7,0,-36.0,47069.2,47069.2,47069.2,0,0,0,0
8,0,-40.6,47069.2,47069.2,47069.2,0,0,0,0
9,0,-45.1,47069.2,47069.2,47069.2,0,0,0,0
10,0,-49.6,47069.2,47069.2,47069.2,0,0,0,0
11,0,-54.1,47069.2,47069.2,47069.2,0,0,0,0
12,0,-58.6,47069.2,47069.2,47069.2,0,0,0,0
13,0,-63.1,47069.2,47069.2,47069.2,0,0,0,0
14,0,-67.7,47069.2,47069.2,47069.2,0,0,0,0
15,0,-72.2,47069.2,47069.2,47069.2,0,0,0,0
16,0,-76.7,47069.2,47069.2,47069.2,0,0,0,0
17,0,-81.1,47069.2,47069.2,47069.2,0,0,0,0
18,0,-85.4,47069.2,47069.2,47069.2,0,0,0,0
19,0,-89.9,47069.2,47069.2,47069.2,0,0,0,0
20,0,-94.4,47069.2,47069.2,47069.2,0,0,0,0
21,0,-98.9,47069.2,47069.2,47069.2,0,0,0,0
22,0,-103.4,47069.2,47069.2,47069.2,0,0,0,0
23,0,-108.0,47069.2,47069.2,47069.2,0,0,0,0
24,0,-112.4,47069.2,47069.2,47069.2,0,0,0,0
25,0,-116.9,47069.2,47069.2,47069.2,0,0,0,0
26,0,-121.5,47069.2,47069.2,47069.2,0,0,0,0
27,0,-125.9,47069.2,47069.2,47069.2,0,0,0,0
28,0,-130.3,47069.2,47069.2,47069.2,0,0,0,0
29,0,-134.7,47069.2,47069.2,47069.2,0,0,0,0
30,0,-139.2,47069.2,47069.2,47069.2,0,0,0,0
31,0,-143.5,47069.2,47069.2,47069.2,0,0,0,0
32,0,-148.0,47069.2,47069.2,47069.2,0,0,0,0
33,0,-152.5,47069.2,47069.2,47069.2,0,0,0,0
34,0,-157.0,47069.2,47069.2,47069.2,0,0,0,0
35,0,-161.5,47069.2,47069.2,47069.2,0,0,0,0
36,0,-166.0,47069.2,47069.2,47069.2,0,0,0,0
37,0,-170.4,47069.2,47069.2,47069.2,0,0,0,0
38,0,-175.0,47069.2,47069.2,47069.2,0,0,0,0
39,0,-179.4,47069.2,47069.2,47069.2,0,0,0,0
40,0,-183.8,47069.2,47069.2,47069.2,0,0,0,0
41,0,-188.4,47069.2,47069.2,47069.2,0,0,0,0
42,0,-192.8,47069.2,47069.2,47069.2,0,0,0,0
43,0,-197.4,47069.2,47069.2,47069.2,0,0,0,0
44,0,-202.0,47069.2,47069.2,47069.2,0,0,0,0
45,0,-206.4,47069.2,47069.2,47069.2,0,0,0,0
46,0,-210.9,47069.2,47069.2,47069.2,0,0,0,0
47,0,-215.3,47069.2,47069.2,47069.2,0,0,0,0
48,0,-219.7,47069.2,47069.2,47069.2,0,0,0,0
49,0,-224.1,47069.2,47069.2,47069.2,0,0,0,0
50,0,-228.5,47069.2,47069.2,47069.2,0,0,0,0
51,0,-233.0,47069.2,47069.2,47069.2,0,0,0,0
52,0,-237.5,47069.2,47069.2,47069.2,0,0,0,0
53,0,-241.8,47069.2,47069.2,47069.2,0,0,0,0
54,0,-246.4,47069.2,47069.2,47069.2,0,0,0,0
55,0,-250.8,47069.2,47069.2,47069.2,0,0,0,0
56,0,-255.3,47069.2,47069.2,47069.2,0,0,0,0
57,0,-259.9,47069.2,47069.2,47069.2,0,0,0,0
58,0,-264.2,47069.2,47069.2,47069.2,0,0,0,0
59,0,-268.8,47069.2,47069.2,47069.2,0,0,0,0
60,0,-273.3,47069.2,47069.2,47069.2,0,0,0,0
61,0,-277.9,47069.2,47069.2,47069.2,0,0,0,0
62,0,-282.4,47069.2,47069.2,47069.2,0,0,0,0
63,0,-286.8,47069.2,47069.2,47069.2,0,0,0,0
64,0,-291.2,47069.2,47069.2,47069.2,0,0,0,0
65,0,-295.6,47069.2,47069.2,47069.2,0,0,0,0
66,0,-300.2,47069.2,47069.2,47069.2,0,0,0,0
67,0,-304.7,47069.2,47069.2,47069.2,0,0,0,0
68,0,-309.2,47069.2,47069.2,47069.2,0,0,0,0
69,0,-313.7,47069.2,47069.2,47069.2,0,0,0,0
70,0,-318.1,47069.2,47069.2,47069.2,0,0,0,0
71,0,-322.6,47069.2,47069.2,47069.2,0,0,0,0
72,0,-327.2,47069.2,47069.2,47069.2,0,0,0,0
73,0,-331.7,47069.2,47069.2,47069.2,0,0,0,0
74,0,-336.3,47069.2,47069.2,47069.2,0,0,0,0
75,0,-340.7,47069.2,47069.2,47069.2,0,0,0,0
76,0,-345.3,47069.2,47069.2,47069.2,0,0,0,0
77,0,-349.8,47069.2,47069.2,47069.2,0,0,0,0
78,0,-354.2,47069.2,47069.2,47069.2,0,0,0,0
79,0,-358.6,47069.2,47069.2,47069.2,0,0,0,0
80,0,-363.1,47069.2,47069.2,47069.2,0,0,0,0
81,0,-367.7,47069.2,47069.2,47069.2,0,0,0,0
82,0,-372.2,47069.2,47069.2,47069.2,0,0,0,0
83,0,-376.7,47069.2,47069.2,47069.2,0,0,0,0
84,0,-381.0,47069.2,47069.2,47069.2,0,0,0,0
85,0,-385.5,47069.2,47069.2,47069.2,0,0,0,0
86,0,-390.0,47069.2,47069.2,47069.2,0,0,0,0
87,0,-394.3,47069.2,47069.2,47069.2,0,0,0,0
88,0,-398.8,47069.2,47069.2,47069.2,0,0,0,0
89,0,-403.3,47069.2,47069.2,47069.2,0,0,0,0
90,0,-407.8,47069.2,47069.2,47069.2,0,0,0,0
91,0,-412.3,47069.2,47069.2,47069.2,0,0,0,0
92,0,-416.9,47069.2,47069.2,47069.2,0,0,0,0
93,0,-421.4,47069.2,47069.2,47069.2,0,0,0,0
94,0,-425.9,47069.2,47069.2,47069.2,0,0,0,0
95,0,-430.3,47069.2,47069.2,47069.2,0,0,0,0
96,0,-435.0,47069.2,47069.2,47069.2,0,0,0,0
97,0,-439.5,47069.2,47069.2,47069.2,0,0,0,0
98,0,-443.8,47069.2,47069.2,47069.2,0,0,0,0
99,0,-448.4,47069.2,47069.2,47069.2,0,0,0,0
100,0,-453.0,47069.2,47069.2,47069.2,0,0,0,0
101,0,-457.4,47069.2,47069.2,47069.2,0,0,0,0
102,0,-461.8,47069.2,47069.2,47069.2,0,0,0,0
103,0,-466.3,47069.2,47069.2,47069.2,0,0,0,0
104,0,-470.7,47069.2,47069.2,47069.2,0,0,0,0
105,0,-475.3,47069.2,47069.2,47069.2,0,0,0,0
106,0,-479.8,47069.2,47069.2,47069.2,0,0,0,0
107,0,-484.4,47069.2,47069.2,47069.2,0,0,0,0
108,0,-489.1,47069.2,47069.2,47069.2,0,0,0,0
109,0,-493.4,47069.2,47069.2,47069.2,0,0,0,0
110,0,-498.0,47069.2,47069.2,47069.2,0,0,0,0
111,0,-502.5,47069.2,47069.2,47069.2,0,0,0,0
112,0,-507.0,47069.2,47069.2,47069.2,0,0,0,0
113,0,-511.5,47069.2,47069.2,47069.2,0,0,0,0
114,0,-516.0,47069.2,47069.2,47069.2,0,0,0,0
115,0,-520.6,47069.2,47069.2,47069.2,0,0,0,0
116,0,-524.9,47069.2,47069.2,47069.2,0,0,0,0
117,0,-529.5,47069.2,47069.2,47069.2,0,0,0,0
118,0,-534.0,47069.2,47069.2,47069.2,0,0,0,0
119,0,-538.5,47069.2,47069.2,47069.2,0,0,0,0
120,0,-542.9,47069.2,47069.2,47069.2,0,0,0,0
121,0,-547.3,47069.2,47069.2,47069.2,0,0,0,0
122,0,-551.7,47069.2,47069.2,47069.2,0,0,0,0
123,0,-556.1,47069.2,47069.2,47069.2,0,0,0,0
124,0,-560.6,47069.2,47069.2,47069.2,0,0,0,0
125,0,-565.1,47069.2,47069.2,47069.2,0,0,0,0
126,0,-569.6,47069.2,47069.2,47069.2,0,0,0,0
127,0,-574.1,47069.2,47069.2,47069.2,0,0,0,0
128,0,-578.6,47069.2,47069.2,47069.2,0,0,0,0
129,0,-582.9,47069.2,47069.2,47069.2,0,0,0,0
130,0,-587.4,47069.2,47069.2,47069.2,0,0,0,0
131,0,-591.9,47069.2,47069.2,47069.2,0,0,0,0
132,0,-596.2,47069.2,47069.2,47069.2,0,0,0,0
133,0,-600.6,47069.2,47069.2,47069.2,0,0,0,0
134,0,-605.1,47069.2,47069.2,47069.2,0,0,0,0
135,0,-609.6,47069.2,47069.2,47069.2,0,0,0,0
136,0,-614.2,47069.2,47069.2,47069.2,0,0,0,0
137,0,-618.6,47069.2,47069.2,47069.2,0,0,0,0
138,0,-623.0,47069.2,47069.2,47069.2,0,0,0,0
139,0,-627.4,47069.2,47069.2,47069.2,0,0,0,0
140,0,-631.9,47069.2,47069.2,47069.2,0,0,0,0
141,0,-636.4,47069.2,47069.2,47069.2,0,0,0,0
142,0,-641.0,47069.2,47069.2,47069.2,0,0,0,0
143,0,-645.7,47069.2,47069.2,47069.2,0,0,0,0
144,0,-650.3,47069.2,47069.2,47069.2,0,0,0,0
145,0,-654.8,47069.2,47069.2,47069.2,0,0,0,0
146,0,-659.3,47069.2,47069.2,47069.2,0,0,0,0
147,0,-663.9,47069.2,47069.2,47069.2,0,0,0,0
148,0,-668.6,47069.2,47069.2,47069.2,0,0,0,0
149,0,-673.1,47069.2,47069.2,47069.2,0,0,0,0
150,0,-677.6,47069.2,47069.2,47069.2,0,0,0,0
151,0,-682.1,47069.2,47069.2,47069.2,0,0,0,0
152,0,-686.7,47069.2,47069.2,47069.2,0,0,0,0
153,0,-691.1,47069.2,47069.2,47069.2,0,0,0,0
154,0,-695.5,47069.2,47069.2,47069.2,0,0,0,0
155,0,-700.1,47069.2,47069.2,47069.2,0,0,0,0
156,0,-704.5,47069.2,47069.2,47069.2,0,0,0,0
157,0,-709.1,47069.2,47069.2,47069.2,0,0,0,0
158,0,-713.6,47069.2,47069.2,47069.2,0,0,0,0
159,0,-718.2,47069.2,47069.2,47069.2,0,0,0,0
160,0,-722.5,47069.2,47069.2,47069.2,0,0,0,0
161,0,-726.9,47069.2,47069.2,47069.2,0,0,0,0
162,0,-731.4,47069.2,47069.2,47069.2,0,0,0,0
163,0,-735.9,47069.2,47069.2,47069.2,0,0,0,0
164,0,-740.4,47069.2,47069.2,47069.2,0,0,0,0
165,0,-744.9,47069.2,47069.2,47069.2,0,0,0,0
166,0,-749.4,47069.2,47069.2,47069.2,0,0,0,0
167,0,-753.9,47069.2,47069.2,47069.2,0,0,0,0
168,0,-758.3,47069.2,47069.2,47069.2,0,0,0,0
169,0,-762.8,47069.2,47069.2,47069.2,0,0,0,0
170,0,-767.2,47069.2,47069.2,47069.2,0,0,0,0
171,0,-771.7,47069.2,47069.2,47069.2,0,0,0,0
172,0,-776.2,47069.2,47069.2,47069.2,0,0,0,0
173,0,-780.7,47069.2,47069.2,47069.2,0,0,0,0
174,0,-785.2,47069.2,47069.2,47069.2,0,0,0,0
175,0,-789.7,47069.2,47069.2,47069.2,0,0,0,0
176,0,-794.3,47069.2,47069.2,47069.2,0,0,0,0
177,0,-798.8,47069.2,47069.2,47069.2,0,0,0,0
178,0,-803.2,47069.2,47069.2,47069.2,0,0,0,0
179,0,-807.7,47069.2,47069.2,47069.2,0,0,0,0
180,0,-812.2,47069.2,47069.2,47069.2,0,0,0,0
181,0,-816.5,47069.2,47069.2,47069.2,0,0,0,0
182,0,-820.9,47069.2,47069.2,47069.2,0,0,0,0
183,0,-825.3,47069.2,47069.2,47069.2,0,0,0,0
184,0,-829.8,47069.2,47069.2,47069.2,0,0,0,0
185,0,-834.3,47069.2,47069.2,47069.2,0,0,0,0
186,0,-838.8,47069.2,47069.2,47069.2,0,0,0,0
187,0,-843.3,47069.2,47069.2,47069.2,0,0,0,0
188,0,-847.8,47069.2,47069.2,47069.2,0,0,0,0
189,0,-852.1,47069.2,47069.2,47069.2,0,0,0,0
190,0,-856.7,47069.2,47069.2,47069.2,0,0,0,0
191,0,-861.2,47069.2,47069.2,47069.2,0,0,0,0
192,0,-865.8,47069.2,47069.2,47069.2,0,0,0,0
193,0,-870.2,47069.2,47069.2,47069.2,0,0,0,0
194,0,-874.6,47069.2,47069.2,47069.2,0,0,0,0
195,0,-879.4,47069.2,47069.2,47069.2,0,0,0,0
196,0,-884.0,47069.2,47069.2,47069.2,0,0,0,0
197,0,-888.5,47069.2,47069.2,47069.2,0,0,0,0
198,0,-893.1,47069.2,47069.2,47069.2,0,0,0,0
199,0,-897.7,47069.2,47069.2,47069.2,0,0,0,0
200,0,-902.1,47069.2,47069.2,47069.2,0,0,0,0
201,0,-906.6,47069.2,47069.2,47069.2,0,0,0,0
202,0,-911.2,47069.2,47069.2,47069.2,0,0,0,0
203,0,-915.7,47069.2,47069.2,47069.2,0,0,0,0
204,0,-920.1,47069.2,47069.2,47069.2,0,0,0,0
205,0,-924.5,47069.2,47069.2,47069.2,0,0,0,0
206,0,-929.0,47069.2,47069.2,47069.2,0,0,0,0
207,0,-933.4,47069.2,47069.2,47069.2,0,0,0,0
208,0,-938.0,47069.2,47069.2,47069.2,0,0,0,0
209,0,-942.4,47069.2,47069.2,47069.2,0,0,0,0
210,0,-947.0,47069.2,47069.2,47069.2,0,0,0,0
211,0,-951.5,47069.2,47069.2,47069.2,0,0,0,0
212,0,-956.1,47069.2,47069.2,47069.2,0,0,0,0
213,0,-960.7,47069.2,47069.2,47069.2,0,0,0,0
214,0,-965.1,47069.2,47069.2,47069.2,0,0,0,0
215,0,-969.7,47069.2,47069.2,47069.2,0,0,0,0
216,0,-974.1,47069.2,47069.2,47069.2,0,0,0,0
217,0,-978.6,47069.2,47069.2,47069.2,0,0,0,0
218,0,-983.0,47069.2,47069.2,47069.2,0,0,0,0
219,0,-987.4,47069.2,47069.2,47069.2,0,0,0,0
220,0,-991.9,47069.2,47069.2,47069.2,0,0,0,0
221,0,-996.3,47069.2,47069.2,47069.2,0,0,0,0
222,0,-1000.7,47069.2,47069.2,47069.2,0,0,0,0
223,0,-1005.3,47069.2,47069.2,47069.2,0,0,0,0
224,0,-1009.7,47069.2,47069.2,47069.2,0,0,0,0
225,0,-1014.4,47069.2,47069.2,47069.2,0,0,0,0
226,0,-1018.9,47069.2,47069.2,47069.2,0,0,0,0
227,0,-1023.4,47069.2,47069.2,47069.2,0,0,0,0
228,0,-1027.9,47069.2,47069.2,47069.2,0,0,0,0
229,0,-1032.3,47069.2,47069.2,47069.2,0,0,0,0
230,0,-1036.9,47069.2,47069.2,47069.2,0,0,0,0
231,0,-1041.5,47069.2,47069.2,47069.2,0,0,0,0
232,0,-1045.9,47069.2,47069.2,47069.2,0,0,0,0
233,0,-1050.6,47069.2,47069.2,47069.2,0,0,0,0
234,0,-1055.1,47069.2,47069.2,47069.2,0,0,0,0
235,0,-1059.6,47069.2,47069.2,47069.2,0,0,0,0
236,0,-1064.1,47069.2,47069.2,47069.2,0,0,0,0
237,0,-1068.6,47069.2,47069.2,47069.2,0,0,0,0
238,0,-1073.0,47069.2,47069.2,47069.2,0,0,0,0
239,0,-1077.4,47069.2,47069.2,47069.2,0,0,0,0
240,0,-1081.9,47069.2,47069.2,47069.2,0,0,0,0
241,0,-1086.4,47069.2,47069.2,47069.2,0,0,0,0
242,0,-1090.9,47069.2,47069.2,47069.2,0,0,0,0
243,0,-1095.2,47069.2,47069.2,47069.2,0,0,0,0
244,0,-1099.7,47069.2,47069.2,47069.2,0,0,0,0
245,0,-1104.2,47069.2,47069.2,47069.2,0,0,0,0
246,0,-1108.7,47069.2,47069.2,47069.2,0,0,0,0
247,0,-1113.2,47069.2,47069.2,47069.2,0,0,0,0
248,0,-1117.5,47069.2,47069.2,47069.2,0,0,0,0
249,0,-1122.0,47069.2,47069.2,47069.2,0,0,0,0
250,0,-1126.5,47069.2,47069.2,47069.2,0,0,0,0
251,0,-1131.1,47069.2,47069.2,47069.2,0,0,0,0
252,0,-1135.3,47069.2,47069.2,47069.2,0,0,0,0
253,0,-1139.8,47069.2,47069.2,47069.2,0,0,0,0
254,0,-1144.1,47069.2,47069.2,47069.2,0,0,0,0
255,0,-1148.5,47069.2,47069.2,47069.2,0,0,0,0
256,0,-1153.0,47069.2,47069.2,47069.2,0,0,0,0
257,0,-1157.4,47069.2,47069.2,47069.2,0,0,0,0
258,0,-1161.9,47069.2,47069.2,47069.2,0,0,0,0
259,0,-1166.4,47069.2,47069.2,47069.2,0,0,0,0
260,0,-1170.9,47069.2,47069.2,47069.2,0,0,0,0
261,0,-1175.4,47069.2,47069.2,47069.2,0,0,0,0
262,0,-1179.8,47069.2,47069.2,47069.2,0,0,0,0
263,0,-1184.2,47069.2,47069.2,47069.2,0,0,0,0
264,0,-1188.7,47069.2,47069.2,47069.2,0,0,0,0
265,0,-1193.3,47069.2,47069.2,47069.2,0,0,0,0
266,0,-1197.8,47069.2,47069.2,47069.2,0,0,0,0
267,0,-1202.4,47069.2,47069.2,47069.2,0,0,0,0
268,0,-1206.9,47069.2,47069.2,47069.2,0,0,0,0
269,0,-1211.4,47069.2,47069.2,47069.2,0,0,0,0
270,0,-1216.0,47069.2,47069.2,47069.2,0,0,0,0
271,0,-1220.4,47069.2,47069.2,47069.2,0,0,0,0
272,0,-1224.9,47069.2,47069.2,47069.2,0,0,0,0
273,0,-1229.3,47069.2,47069.2,47069.2,0,0,0,0
274,0,-1234.0,47069.2,47069.2,47069.2,0,0,0,0
275,0,-1238.6,47069.2,47069.2,47069.2,0,0,0,0
276,0,-1243.0,47069.2,47069.2,47069.2,0,0,0,0
277,0,-1247.4,47069.2,47069.2,47069.2,0,0,0,0
278,0,-1251.8,47069.2,47069.2,47069.2,0,0,0,0
279,0,-1256.3,47069.2,47069.2,47069.2,0,0,0,0
280,0,-1260.7,47069.2,47069.2,47069.2,0,0,0,0
281,0,-1265.2,47069.2,47069.2,47069.2,0,0,0,0
282,0,-1269.6,47069.2,47069.2,47069.2,0,0,0,0
283,0,-1274.2,47069.2,47069.2,47069.2,0,0,0,0
284,0,-1278.7,47069.2,47069.2,47069.2,0,0,0,0
285,0,-1283.2,47069.2,47069.2,47069.2,0,0,0,0
286,0,-1287.8,47069.2,47069.2,47069.2,0,0,0,0
287,0,-1292.3,47069.2,47069.2,47069.2,0,0,0,0
288,0,-1296.9,47069.2,47069.2,47069.2,0,0,0,0
289,0,-1301.6,47069.2,47069.2,47069.2,0,0,0,0
290,0,-1306.1,47069.2,47069.2,47069.2,0,0,0,0
291,0,-1310.6,47069.2,47069.2,47069.2,0,0,0,0
292,0,-1315.3,47069.2,47069.2,47069.2,0,0,0,0
293,0,-1319.8,47069.2,47069.2,47069.2,0,0,0,0
294,0,-1324.2,47069.2,47069.2,47069.2,0,0,0,0
295,0,-1328.6,47069.2,47069.2,47069.2,0,0,0,0
296,0,-1333.2,47069.2,47069.2,47069.2,0,0,0,0
297,0,-1337.7,47069.2,47069.2,47069.2,0,0,0,0
298,0,-1342.1,47069.2,47069.2,47069.2,0,0,0,0
299,0,-1346.6,47069.2,47069.2,47069.2,0,0,0,0
300,1,46450.6,47069.2,47069.2,47069.2,0,0,0,0
301,1,46450.6,47069.2,47069.2,49328.8,0,0,0,1
302,1,46450.6,47069.2,47069.2,51906.1,0,0,0,1
303,1,46450.6,47069.2,47069.2,63705.0,0,0,0,1
304,1,46450.6,47069.2,47069.2,65829.0,0,0,0,1
305,1,46450.6,47069.2,47069.2,67060.5,0,0,0,1
306,1,46450.6,47069.2,47069.2,84590.5,0,0,0,1
307,1,46450.6,47069.2,47069.2,84623.6,0,0,0,0
308,1,46450.6,47069.2,47069.2,84655.9,0,0,0,0
309,1,46450.6,47069.2,47069.2,84692.5,0,0,0,0
310,1,46450.6,47069.2,47069.2,84730.0,0,0,0,0
311,1,46450.6,47069.2,47069.2,84764.1,0,0,0,0
312,1,46450.6,47069.2,47069.2,84801.9,0,0,0,0
313,1,46450.6,47069.2,47069.2,84834.3,0,0,0,0
314,1,46450.6,47069.2,47069.2,84870.4,0,0,0,0
315,1,46450.6,47069.2,47069.2,84905.3,0,0,0,0
316,1,46450.6,47069.2,47069.2,84937.4,0,0,0,0
317,1,46450.6,47069.2,47069.2,84969.5,0,0,0,0
318,1,46450.6,47069.2,47069.2,85003.1,0,0,0,0
319,1,46450.6,47069.2,47069.2,85031.6,0,0,0,0
320,1,46450.6,47069.2,47069.2,85067.2,0,0,0,0
321,1,46450.6,47069.2,47069.2,85096.1,0,0,0,0
322,1,46450.6,47069.2,47069.2,85127.8,0,0,0,0
323,1,46450.6,47069.2,47069.2,85164.8,0,0,0,0
324,1,46450.6,47069.2,47069.2,85203.2,0,0,0,0
325,1,46450.6,47069.2,47069.2,85241.0,0,0,0,0
326,1,46450.6,47069.2,47069.2,85277.8,0,0,0,0
327,1,46450.6,47069.2,47069.2,85308.3,0,0,0,0
328,1,46450.6,47069.2,47069.2,85343.7,0,0,0,0
329,1,46450.6,47069.2,47069.2,85379.5,0,0,0,0
330,1,46450.6,47069.2,47069.2,85413.2,0,0,0,0
331,1,46450.6,47069.2,47069.2,85450.1,0,0,0,0
332,1,46450.6,47069.2,47069.2,85479.2,0,0,0,0
333,1,46450.6,47069.2,47069.2,85516.6,0,0,0,0
334,1,46450.6,47069.2,47069.2,85551.4,0,0,0,0
335,1,46450.6,47069.2,47069.2,85587.8,0,0,0,0
336,1,46450.6,47069.2,47069.2,85621.7,0,0,0,0
337,1,46450.6,47069.2,47069.2,85655.8,0,0,0,0
338,1,46450.6,47069.2,47069.2,85685.2,0,0,0,0
339,1,46450.6,47069.2,47069.2,85722.1,0,0,0,0
340,1,46450.6,47069.2,47069.2,85759.6,0,0,0,0
341,1,46450.6,47069.2,47069.2,85794.6,0,0,0,0
342,1,46450.6,47069.2,47069.2,85831.5,0,0,0,0
343,1,46450.6,47069.2,47069.2,85865.9,0,0,0,0
344,1,46450.6,47069.2,47069.2,85904.0,0,0,0,0
345,1,46450.6,47069.2,47069.2,85936.3,0,0,0,0
346,1,46450.6,47069.2,47069.2,85970.5,0,0,0,0
347,1,46450.6,47069.2,47069.2,86007.3,0,0,0,0
348,1,46450.6,47069.2,47069.2,86042.6,0,0,0,0
349,1,46450.6,47069.2,47069.2,86078.9,0,0,0,0
350,1,46450.6,47069.2,47069.2,86108.7,0,0,0,0
351,1,46450.6,47069.2,47069.2,86142.7,0,0,0,0
352,1,46450.6,47069.2,47069.2,86175.8,0,0,0,0
353,1,46450.6,47069.2,47069.2,86209.6,0,0,0,0
354,1,46450.6,47069.2,47069.2,86245.0,0,0,0,0
355,1,46450.6,47069.2,47069.2,86277.6,0,0,0,0
356,1,46450.6,47069.2,47069.2,86306.3,0,0,0,0
357,1,46450.6,47069.2,47069.2,86338.9,0,0,0,0
358,1,46450.6,47069.2,47069.2,86374.9,0,0,0,0
359,1,46450.6,47069.2,47069.2,86412.9,0,0,0,0
360,1,46450.6,47069.2,47069.2,86447.3,0,0,0,0
361,1,46450.6,47069.2,47069.2,86480.4,0,0,0,0
362,1,46450.6,47069.2,47069.2,86516.5,0,0,0,0
363,1,46450.6,47069.2,47069.2,86552.6,0,0,0,0
364,1,46450.6,47069.2,47069.2,86580.6,0,0,0,0
365,1,46450.6,47069.2,47069.2,86609.5,0,0,0,0
366,1,46450.6,47069.2,47069.2,86643.0,0,0,0,0
367,1,46450.6,47069.2,47069.2,86676.5,0,0,0,0
368,1,46450.6,47069.2,47069.2,86711.2,0,0,0,0
369,1,46450.6,47069.2,47069.2,86742.0,0,0,0,0
370,1,46450.6,47069.2,47069.2,86772.6,0,0,0,0
371,1,46450.6,47069.2,47069.2,86803.5,0,0,0,0
372,1,46450.6,47069.2,47069.2,86839.8,0,0,0,0
373,1,46450.6,47069.2,47069.2,86873.1,0,0,0,0
374,1,46450.6,47069.2,47069.2,86912.0,0,0,0,0
375,1,46450.6,47069.2,47069.2,86948.4,0,0,0,0
376,1,46450.6,47069.2,47069.2,86979.4,0,0,0,0
377,1,46450.6,47069.2,47069.2,87014.6,0,0,0,0
378,1,46450.6,47069.2,47069.2,87051.1,0,0,0,0
379,1,46450.6,47069.2,47069.2,87088.3,0,0,0,0
380,1,46450.6,47069.2,47069.2,87122.4,0,0,0,0
381,1,46450.6,47069.2,47069.2,87151.9,0,0,0,0
382,1,46450.6,47069.2,47069.2,87182.5,0,0,0,0
383,1,46450.6,47069.2,47069.2,87215.6,0,0,0,0
384,1,46450.6,47069.2,47069.2,87251.8,0,0,0,0
385,1,46450.6,47069.2,47069.2,87283.1,0,0,0,0
386,1,46450.6,47069.2,47069.2,87309.5,0,0,0,0
387,1,46450.6,47069.2,47069.2,87344.5,0,0,0,0
388,1,46450.6,47069.2,47069.2,87382.8,0,0,0,0
389,1,46450.6,47069.2,47069.2,87414.2,0,0,0,0
390,1,46450.6,47069.2,47069.2,87444.7,0,0,0,0
391,1,46450.6,47069.2,47069.2,87477.0,0,0,0,0
392,1,46450.6,47069.2,47069.2,87510.6,0,0,0,0
393,1,46450.6,47069.2,47069.2,87545.4,0,0,0,0
394,1,46450.6,47069.2,47069.2,87577.6,0,0,0,0
395,1,46450.6,47069.2,47069.2,87611.8,0,0,0,0
396,1,46450.6,47069.2,47069.2,87645.2,0,0,0,0
397,1,46450.6,47069.2,47069.2,87678.5,0,0,0,0
398,1,46450.6,47069.2,47069.2,87705.9,0,0,0,0
399,1,46450.6,47069.2,47069.2,87741.5,0,0,0,0
400,1,46450.6,47069.2,47069.2,87775.1,0,0,0,0
401,1,46450.6,47069.2,47069.2,87806.0,0,0,0,0
402,1,46450.6,47069.2,47069.2,87838.8,0,0,0,0
403,1,46450.6,47069.2,47069.2,87869.3,0,0,0,0
404,1,46450.6,47069.2,47069.2,87899.8,0,0,0,0
405,1,46450.6,47069.2,47069.2,87927.5,0,0,0,0
406,1,46450.6,47069.2,47069.2,87957.6,0,0,0,0
407,1,46450.6,47069.2,47069.2,87994.7,0,0,0,0
408,1,46450.6,47069.2,47069.2,88031.9,0,0,0,0
409,1,46450.6,47069.2,47069.2,88067.0,0,0,0,0
410,1,46450.6,47069.2,47069.2,88097.1,0,0,0,0
411,1,46450.6,47069.2,47069.2,88133.0,0,0,0,0
412,1,46450.6,47069.2,47069.2,88163.5,0,0,0,0
413,1,46450.6,47069.2,47069.2,88198.1,0,0,0,0
414,1,46450.6,47069.2,47069.2,88235.0,0,0,0,0
415,1,46450.6,47069.2,47069.2,88266.0,0,0,0,0
416,1,46450.6,47069.2,47069.2,88298.3,0,0,0,0
417,1,46450.6,47069.2,47069.2,88331.8,0,0,0,0
418,1,46450.6,47069.2,47069.2,88370.6,0,0,0,0
419,1,46450.6,47069.2,47069.2,88399.1,0,0,0,0
420,1,46450.6,47069.2,47069.2,88436.1,0,0,0,0
421,1,46450.6,47069.2,47069.2,88470.9,0,0,0,0
422,1,46450.6,47069.2,47069.2,88508.0,0,0,0,0
423,1,46450.6,47069.2,47069.2,88544.0,0,0,0,0
424,1,46450.6,47069.2,47069.2,88576.3,0,0,0,0
425,1,46450.6,47069.2,47069.2,88614.0,0,0,0,0
426,1,46450.6,47069.2,47069.2,88644.0,0,0,0,0
427,1,46450.6,47069.2,47069.2,88680.9,0,0,0,0
428,1,46450.6,47069.2,47069.2,88710.4,0,0,0,0
429,1,46450.6,47069.2,47069.2,88745.8,0,0,0,0
430,1,46450.6,47069.2,47069.2,88783.3,0,0,0,0
431,1,46450.6,47069.2,47069.2,88816.9,0,0,0,0
432,1,46450.6,47069.2,47069.2,88853.0,0,0,0,0
433,1,46450.6,47069.2,47069.2,88889.3,0,0,0,0
434,1,46450.6,47069.2,47069.2,88924.1,0,0,0,0
435,1,46450.6,47069.2,47069.2,88956.8,0,0,0,0
436,1,46450.6,47069.2,47069.2,88987.9,0,0,0,0
437,1,46450.6,47069.2,47069.2,89020.4,0,0,0,0
438,1,46450.6,47069.2,47069.2,89058.2,0,0,0,0
439,1,46450.6,47069.2,47069.2,89096.6,0,0,0,0
440,1,46450.6,47069.2,47069.2,89128.5,0,0,0,0
441,1,46450.6,47069.2,47069.2,89162.7,0,0,0,0
442,1,46450.6,47069.2,47069.2,89199.8,0,0,0,0
443,1,46450.6,47069.2,47069.2,89238.7,0,0,0,0
444,1,46450.6,47069.2,47069.2,89268.6,0,0,0,0
445,1,46450.6,47069.2,47069.2,89309.0,0,0,0,0
446,1,46450.6,47069.2,47069.2,89345.1,0,0,0,0
447,1,46450.6,47069.2,47069.2,89383.7,0,0,0,0
448,1,46450.6,47069.2,47069.2,89418.3,0,0,0,0
449,1,46450.6,47069.2,47069.2,89450.1,0,0,0,0
450,1,46450.6,47069.2,47069.2,89486.4,0,0,0,0
451,1,46450.6,47069.2,47069.2,89524.9,0,0,0,0
452,1,46450.6,47069.2,47069.2,89556.7,0,0,0,0
453,1,46450.6,47069.2,47069.2,89583.7,0,0,0,0
454,1,46450.6,47069.2,47069.2,89615.7,0,0,0,0
455,1,46450.6,47069.2,47069.2,89647.3,0,0,0,0
456,1,46450.6,47069.2,47069.2,89682.6,0,0,0,0
457,1,46450.6,47069.2,47069.2,89719.7,0,0,0,0
458,1,46450.6,47069.2,47069.2,89752.6,0,0,0,0
459,1,46450.6,47069.2,47069.2,89783.4,0,0,0,0
460,1,46450.6,47069.2,47069.2,89812.9,0,0,0,0
461,1,46450.6,47069.2,47069.2,89844.6,0,0,0,0
462,1,46450.6,47069.2,47069.2,89876.3,0,0,0,0
463,1,46450.6,47069.2,47069.2,89913.0,0,0,0,0
464,1,46450.6,47069.2,47069.2,89948.0,0,0,0,0
465,1,46450.6,47069.2,47069.2,89981.7,0,0,0,0
466,1,46450.6,47069.2,47069.2,90013.8,0,0,0,0
467,1,46450.6,47069.2,47069.2,90047.0,0,0,0,0
468,1,46450.6,47069.2,47069.2,90080.8,0,0,0,0
469,1,46450.6,47069.2,47069.2,90113.4,0,0,0,0
470,1,46450.6,47069.2,47069.2,90147.6,0,0,0,0
471,1,46450.6,47069.2,47069.2,90177.7,0,0,0,0
472,1,46450.6,47069.2,47069.2,90210.9,0,0,0,0
473,1,46450.6,47069.2,47069.2,90235.8,0,0,0,0
474,1,46450.6,47069.2,47069.2,90272.5,0,0,0,0
475,1,46450.6,47069.2,47069.2,90302.4,0,0,0,0
476,1,46450.6,47069.2,47069.2,90337.7,0,0,0,0
477,1,46450.6,47069.2,47069.2,90373.4,0,0,0,0
478,1,46450.6,47069.2,47069.2,90412.0,0,0,0,0
479,1,46450.6,47069.2,47069.2,90441.6,0,0,0,0
480,1,46450.6,47069.2,47069.2,90466.7,0,0,0,0
481,1,46450.6,47069.2,47069.2,90502.6,0,0,0,0
482,1,46450.6,47069.2,47069.2,90532.8,0,0,0,0
483,1,46450.6,47069.2,47069.2,90569.4,0,0,0,0
484,1,46450.6,47069.2,47069.2,90605.2,0,0,0,0
485,1,46450.6,47069.2,47069.2,90637.1,0,0,0,0
486,1,46450.6,47069.2,47069.2,90666.8,0,0,0,0
487,1,46450.6,47069.2,47069.2,90700.7,0,0,0,0
488,1,46450.6,47069.2,47069.2,90734.7,0,0,0,0
489,1,46450.6,47069.2,47069.2,90761.7,0,0,0,0
490,1,46450.6,47069.2,47069.2,90790.7,0,0,0,0
491,1,46450.6,47069.2,47069.2,90821.1,0,0,0,0
492,1,46450.6,47069.2,47069.2,90854.7,0,0,0,0
493,1,46450.6,47069.2,47069.2,90890.4,0,0,0,0
494,1,46450.6,47069.2,47069.2,90925.0,0,0,0,0
495,1,46450.6,47069.2,47069.2,90954.4,0,0,0,0
496,1,46450.6,47069.2,47069.2,90987.9,0,0,0,0
497,1,46450.6,47069.2,47069.2,91018.5,0,0,0,0
498,1,46450.6,47069.2,47069.2,91043.0,0,0,0,0
499,1,46450.6,47069.2,47069.2,91072.6,0,0,0,0
500,1,46450.6,47069.2,47069.2,91109.6,0,0,0,0
501,1,46450.6,47069.2,47069.2,91143.6,0,0,0,0
502,1,46450.6,47069.2,47069.2,91179.0,0,0,0,0
503,1,46450.6,47069.2,47069.2,91215.3,0,0,0,0
504,1,46450.6,47069.2,47069.2,91249.2,0,0,0,0
505,1,46450.6,47069.2,47069.2,91285.2,0,0,0,0
506,1,46450.6,47069.2,47069.2,91313.1,0,0,0,0
507,1,46450.6,47069.2,47069.2,91339.8,0,0,0,0
508,1,46450.6,47069.2,47069.2,91371.2,0,0,0,0
509,1,46450.6,47069.2,47069.2,91408.1,0,0,0,0
510,1,46450.6,47069.2,47069.2,91444.0,0,0,0,0
511,1,46450.6,47069.2,47069.2,91480.3,0,0,0,0
512,1,46450.6,47069.2,47069.2,91516.5,0,0,0,0
513,1,46450.6,47069.2,47069.2,91551.2,0,0,0,0
514,1,46450.6,47069.2,47069.2,91582.8,0,0,0,0
515,1,46450.6,47069.2,47069.2,91613.2,0,0,0,0
516,1,46450.6,47069.2,47069.2,91648.5,0,0,0,0
517,1,46450.6,47069.2,47069.2,91685.7,0,0,0,0
518,1,46450.6,47069.2,47069.2,91724.5,0,0,0,0
519,1,46450.6,47069.2,47069.2,91761.6,0,0,0,0
520,1,46450.6,47069.2,47069.2,91790.2,0,0,0,0
521,1,46450.6,47069.2,47069.2,91817.7,0,0,0,0
522,1,46450.6,47069.2,47069.2,91853.1,0,0,0,0
523,1,46450.6,47069.2,47069.2,91882.7,0,0,0,0
524,1,46450.6,47069.2,47069.2,91918.7,0,0,0,0
525,1,46450.6,47069.2,47069.2,91956.5,0,0,0,0
526,1,46450.6,47069.2,47069.2,91986.8,0,0,0,0
527,1,46450.6,47069.2,47069.2,92024.5,0,0,0,0
528,1,46450.6,47069.2,47069.2,92058.8,0,0,0,0
529,1,46450.6,47069.2,47069.2,92088.0,0,0,0,0
530,1,46450.6,47069.2,47069.2,92125.7,0,0,0,0
531,1,46450.6,47069.2,47069.2,92152.4,0,0,0,0
532,1,46450.6,47069.2,47069.2,92182.2,0,0,0,0
533,1,46450.6,47069.2,47069.2,92218.2,0,0,0,0
534,1,46450.6,47069.2,47069.2,92246.8,0,0,0,0
535,1,46450.6,47069.2,47069.2,92281.2,0,0,0,0
536,1,46450.6,47069.2,47069.2,92311.9,0,0,0,0
537,1,46450.6,47069.2,47069.2,92349.7,0,0,0,0
538,1,46450.6,47069.2,47069.2,92382.5,0,0,0,0
539,1,46450.6,47069.2,47069.2,92421.4,0,0,0,0
540,1,46450.6,47069.2,47069.2,92459.1,0,0,0,0
541,1,46450.6,47069.2,47069.2,92494.2,0,0,0,0
542,1,46450.6,47069.2,47069.2,92533.2,0,0,0,0
543,1,46450.6,47069.2,47069.2,92564.9,0,0,0,0
544,1,46450.6,47069.2,47069.2,92599.1,0,0,0,0
545,1,46450.6,47069.2,47069.2,92633.9,0,0,0,0
546,1,46450.6,47069.2,47069.2,92669.2,0,0,0,0
547,1,46450.6,47069.2,47069.2,92701.3,0,0,0,0
548,1,46450.6,47069.2,47069.2,92734.3,0,0,0,0
549,1,46450.6,47069.2,47069.2,92763.0,0,0,0,0
550,1,46450.6,47069.2,47069.2,92799.7,0,0,0,0
551,1,46450.6,47069.2,47069.2,92827.9,0,0,0,0
552,1,46450.6,47069.2,47069.2,92854.6,0,0,0,0
553,1,46450.6,47069.2,47069.2,92887.0,0,0,0,0
554,1,46450.6,47069.2,47069.2,92922.9,0,0,0,0
555,1,46450.6,47069.2,47069.2,92961.6,0,0,0,0
556,1,46450.6,47069.2,47069.2,92994.9,0,0,0,0
557,1,46450.6,47069.2,47069.2,93023.9,0,0,0,0
558,1,46450.6,47069.2,47069.2,93056.2,0,0,0,0
559,1,46450.6,47069.2,47069.2,93093.3,0,0,0,0
560,1,46450.6,47069.2,47069.2,93130.1,0,0,0,0
561,1,46450.6,47069.2,47069.2,93167.2,0,0,0,0
562,1,46450.6,47069.2,47069.2,93200.6,0,0,0,0
563,1,46450.6,47069.2,47069.2,93239.5,0,0,0,0
564,1,46450.6,47069.2,47069.2,93274.4,0,0,0,0
565,1,46450.6,47069.2,47069.2,93313.0,0,0,0,0
566,1,46450.6,47069.2,47069.2,93348.0,0,0,0,0
567,1,46450.6,47069.2,47069.2,93383.2,0,0,0,0
568,1,46450.6,47069.2,47069.2,93417.6,0,0,0,0
569,1,46450.6,47069.2,47069.2,93455.2,0,0,0,0
570,1,46450.6,47069.2,47069.2,93483.3,0,0,0,0
571,1,46450.6,47069.2,47069.2,93512.1,0,0,0,0
572,1,46450.6,47069.2,47069.2,93550.8,0,0,0,0
573,1,46450.6,47069.2,47069.2,93588.0,0,0,0,0
574,1,46450.6,47069.2,47069.2,93625.4,0,0,0,0
575,1,46450.6,47069.2,47069.2,93664.6,0,0,0,0
576,1,46450.6,47069.2,47069.2,93698.6,0,0,0,0
577,1,46450.6,47069.2,47069.2,93731.2,0,0,0,0
578,1,46450.6,47069.2,47069.2,93760.3,0,0,0,0
579,1,46450.6,47069.2,47069.2,93792.3,0,0,0,0
580,1,46450.6,47069.2,47069.2,93828.6,0,0,0,0
581,1,46450.6,47069.2,47069.2,93859.4,0,0,0,0
582,1,46450.6,47069.2,47069.2,93892.8,0,0,0,0
583,1,46450.6,47069.2,47069.2,93921.7,0,0,0,0
584,1,46450.6,47069.2,47069.2,93952.1,0,0,0,0
585,1,46450.6,47069.2,47069.2,93987.5,0,0,0,0
586,1,46450.6,47069.2,47069.2,94019.3,0,0,0,0
587,1,46450.6,47069.2,47069.2,94048.0,0,0,0,0
588,1,46450.6,47069.2,47069.2,94079.9,0,0,0,0
589,1,46450.6,47069.2,47069.2,94112.6,0,0,0,0
590,1,46450.6,47069.2,47069.2,94147.5,0,0,0,0
591,1,46450.6,47069.2,47069.2,94185.2,0,0,0,0
592,1,46450.6,47069.2,47069.2,94216.1,0,0,0,0
593,1,46450.6,47069.2,47069.2,94247.4,0,0,0,0
594,1,46450.6,47069.2,47069.2,94283.7,0,0,0,0
595,1,46450.6,47069.2,47069.2,94320.8,0,0,0,0
596,1,46450.6,47069.2,47069.2,94358.2,0,0,0,0
597,1,46450.6,47069.2,47069.2,94391.2,0,0,0,0
598,1,46450.6,47069.2,47069.2,94421.4,0,0,0,0
599,1,46450.6,47069.2,47069.2,94455.7,0,0,0,0
600,2,46450.6,47069.2,47069.2,94468.4,0,0,0,0
601,2,46450.6,47069.2,47069.2,128043.4,0,0,0,1
602,2,46450.6,47069.2,47069.2,129634.9,0,0,0,1
603,2,46450.6,47069.2,47069.2,132114.7,0,0,0,1
604,2,46450.6,47069.2,47069.2,133702.8,0,0,0,1
605,2,46450.6,47069.2,47069.2,135282.9,0,0,0,1
606,2,46450.6,47069.2,47069.2,135955.2,0,0,0,1
607,2,46450.6,47069.2,47069.2,136112.0,0,0,0,0
608,2,46450.6,47069.2,47069.2,136269.0,0,0,0,0
609,2,46450.6,47069.2,47069.2,136422.8,0,0,0,0
610,2,46450.6,47069.2,47069.2,136578.3,0,0,0,0
611,2,46450.6,47069.2,47069.2,136731.6,0,0,0,0
612,2,46450.6,47069.2,47069.2,136884.9,0,0,0,0
613,2,46450.6,47069.2,47069.2,137039.7,0,0,0,0
614,2,46450.6,47069.2,47069.2,137191.0,0,0,0,0
615,2,46450.6,47069.2,47069.2,137347.4,0,0,0,0
616,2,46450.6,47069.2,47069.2,137501.4,0,0,0,0
617,2,46450.6,47069.2,47069.2,137656.3,0,0,0,0
618,2,46450.6,47069.2,47069.2,137811.3,0,0,0,0
619,2,46450.6,47069.2,47069.2,137965.6,0,0,0,0
620,2,46450.6,47069.2,47069.2,138120.3,0,0,0,0
621,2,46450.6,47069.2,47069.2,138276.4,0,0,0,0
622,2,46450.6,47069.2,47069.2,138430.6,0,0,0,0
623,2,46450.6,47069.2,47069.2,138585.2,0,0,0,0
624,2,46450.6,47069.2,47069.2,138740.2,0,0,0,0
625,2,46450.6,47069.2,47069.2,138895.0,0,0,0,0
626,2,46450.6,47069.2,47069.2,139050.1,0,0,0,0
627,2,46450.6,47069.2,47069.2,139205.1,0,0,0,0
628,2,46450.6,47069.2,47069.2,139359.8,0,0,0,0
629,2,46450.6,47069.2,47069.2,139514.2,0,0,0,0
630,2,46450.6,47069.2,47069.2,139666.9,0,0,0,0
631,2,46450.6,47069.2,47069.2,139822.3,0,0,0,0
632,2,46450.6,47069.2,47069.2,139974.2,0,0,0,0
633,2,46450.6,47069.2,47069.2,140128.1,0,0,0,0
634,2,46450.6,47069.2,47069.2,140282.9,0,0,0,0
635,2,46450.6,47069.2,47069.2,140436.5,0,0,0,0
636,2,46450.6,47069.2,47069.2,140590.4,0,0,0,0
637,2,46450.6,47069.2,47069.2,140744.5,0,0,0,0
638,2,46450.6,47069.2,47069.2,140897.3,0,0,0,0
639,2,46450.6,47069.2,47069.2,141053.8,0,0,0,0
640,2,46450.6,47069.2,47069.2,141211.4,0,0,0,0
641,2,46450.6,47069.2,47069.2,141367.6,0,0,0,0
642,2,46450.6,47069.2,47069.2,141521.9,0,0,0,0
643,2,46450.6,47069.2,47069.2,141677.7,0,0,0,0
644,2,46450.6,47069.2,47069.2,141829.7,0,0,0,0
645,2,46450.6,47069.2,47069.2,141986.1,0,0,0,0
646,2,46450.6,47069.2,47069.2,142142.8,0,0,0,0
647,2,46450.6,47069.2,47069.2,142299.4,0,0,0,0
648,2,46450.6,47069.2,47069.2,142455.0,0,0,0,0
649,2,46450.6,47069.2,47069.2,142610.0,0,0,0,0
650,2,46450.6,47069.2,47069.2,142763.1,0,0,0,0
651,2,46450.6,47069.2,47069.2,142919.2,0,0,0,0
652,2,46450.6,47069.2,47069.2,143075.7,0,0,0,0
653,2,46450.6,47069.2,47069.2,143230.7,0,0,0,0
654,2,46450.6,47069.2,47069.2,143386.9,0,0,0,0
655,2,46450.6,47069.2,47069.2,143543.2,0,0,0,0
656,2,46450.6,47069.2,47069.2,143700.1,0,0,0,0
657,2,46450.6,47069.2,47069.2,143855.3,0,0,0,0
658,2,46450.6,47069.2,47069.2,144011.0,0,0,0,0
659,2,46450.6,47069.2,47069.2,144166.1,0,0,0,0
660,2,46450.6,47069.2,47069.2,144323.6,0,0,0,0
661,2,46450.6,47069.2,47069.2,144478.5,0,0,0,0
662,2,46450.6,47069.2,47069.2,144632.6,0,0,0,0
663,2,46450.6,47069.2,47069.2,144934.3,0,0,0,1
664,2,46450.6,47069.2,47069.2,144945.9,0,0,0,0
665,2,46450.6,47069.2,47069.2,144958.3,0,0,0,0
666,2,46450.6,47069.2,47069.2,144971.1,0,0,0,0
667,2,46450.6,47069.2,47069.2,144985.7,0,0,0,0
668,2,46450.6,47069.2,47069.2,144999.1,0,0,0,0
669,2,46450.6,47069.2,47069.2,145010.9,0,0,0,0
670,2,46450.6,47069.2,47069.2,145024.4,0,0,0,0
671,2,46450.6,47069.2,47069.2,145036.9,0,0,0,0
672,2,46450.6,47069.2,47069.2,145049.8,0,0,0,0
673,2,46450.6,47069.2,47069.2,145062.4,0,0,0,0
674,2,46450.6,47069.2,47069.2,145094.9,0,0,0,0
675,2,46450.6,47069.2,47069.2,145109.3,0,0,0,0
676,2,46450.6,47069.2,47069.2,145121.6,0,0,0,0
677,2,46450.6,47069.2,47069.2,145135.2,0,0,0,0
678,2,46450.6,47069.2,47069.2,145146.3,0,0,0,0
679,2,46450.6,47069.2,47069.2,145158.4,0,0,0,0
680,2,46450.6,47069.2,47069.2,145170.1,0,0,0,0
681,2,46450.6,47069.2,47069.2,145181.5,0,0,0,0
682,2,46450.6,47069.2,47069.2,145196.4,0,0,0,0
683,2,46450.6,47069.2,47069.2,145209.8,0,0,0,0
684,2,46450.6,47069.2,47069.2,145223.5,0,0,0,0
685,2,46450.6,47069.2,47069.2,145235.4,0,0,0,0
686,2,46450.6,47069.2,47069.2,145247.4,0,0,0,0
687,2,46450.6,47069.2,47069.2,145259.8,0,0,0,0
688,2,46450.6,47069.2,47069.2,145272.8,0,0,0,0
689,2,46450.6,47069.2,47069.2,145286.8,0,0,0,0
690,2,46450.6,47069.2,47069.2,145299.8,0,0,0,0
691,2,46450.6,47069.2,47069.2,145311.4,0,0,0,0
692,2,46450.6,47069.2,47069.2,145325.5,0,0,0,0
693,2,46450.6,47069.2,47069.2,145339.9,0,0,0,0
694,2,46450.6,47069.2,47069.2,145353.1,0,0,0,0
695,2,46450.6,47069.2,47069.2,145366.2,0,0,0,0
696,2,46450.6,47069.2,47069.2,145379.6,0,0,0,0
697,2,46450.6,47069.2,47069.2,145393.0,0,0,0,0
698,2,46450.6,47069.2,47069.2,145405.7,0,0,0,0
699,2,46450.6,47069.2,47069.2,145418.6,0,0,0,0
700,2,46450.6,47069.2,47069.2,145430.3,0,0,0,0
701,2,46450.6,47069.2,47069.2,145441.5,0,0,0,0
702,2,46450.6,47069.2,47069.2,145453.2,0,0,0,0
703,2,46450.6,47069.2,47069.2,145465.5,0,0,0,0
704,2,46450.6,47069.2,47069.2,145478.3,0,0,0,0
705,2,46450.6,47069.2,47069.2,145489.5,0,0,0,0
706,2,46450.6,47069.2,47069.2,145502.2,0,0,0,0
707,2,46450.6,47069.2,47069.2,145515.6,0,0,0,0
708,2,46450.6,47069.2,47069.2,145527.1,0,0,0,0
709,2,46450.6,47069.2,47069.2,145539.6,0,0,0,0
710,2,46450.6,47069.2,47069.2,145551.3,0,0,0,0
711,2,46450.6,47069.2,47069.2,145565.2,0,0,0,0
712,2,46450.6,47069.2,47069.2,145579.1,0,0,0,0
713,2,46450.6,47069.2,47069.2,145591.7,0,0,0,0
714,2,46450.6,47069.2,47069.2,145606.0,0,0,0,0
715,2,46450.6,47069.2,47069.2,145618.6,0,0,0,0
716,2,46450.6,47069.2,47069.2,145632.8,0,0,0,0
717,2,46450.6,47069.2,47069.2,145645.0,0,0,0,0
718,2,46450.6,47069.2,47069.2,145659.6,0,0,0,0
719,2,46450.6,47069.2,47069.2,145672.6,0,0,0,0
720,2,46450.6,47069.2,47069.2,145686.9,0,0,0,0
721,2,46450.6,47069.2,47069.2,145699.0,0,0,0,0
722,2,46450.6,47069.2,47069.2,145713.8,0,0,0,0
723,2,46450.6,47069.2,47069.2,145724.6,0,0,0,0
724,2,46450.6,47069.2,47069.2,145738.1,0,0,0,0
725,2,46450.6,47069.2,47069.2,145752.9,0,0,0,0
726,2,46450.6,47069.2,47069.2,145765.2,0,0,0,0
727,2,46450.6,47069.2,47069.2,145777.8,0,0,0,0
728,2,46450.6,47069.2,47069.2,145790.5,0,0,0,0
729,2,46450.6,47069.2,47069.2,145802.2,0,0,0,0
730,2,46450.6,47069.2,47069.2,145815.8,0,0,0,0
731,2,46450.6,47069.2,47069.2,145828.2,0,0,0,0
732,2,46450.6,47069.2,47069.2,145859.5,0,0,0,0
733,2,46450.6,47069.2,47069.2,145873.2,0,0,0,0
734,2,46450.6,47069.2,47069.2,145885.2,0,0,0,0
735,2,46450.6,47069.2,47069.2,145900.3,0,0,0,0
736,2,46450.6,47069.2,47069.2,145915.2,0,0,0,0
737,2,46450.6,47069.2,47069.2,145929.1,0,0,0,0
738,2,46450.6,47069.2,47069.2,145943.3,0,0,0,0
739,2,46450.6,47069.2,47069.2,145954.5,0,0,0,0
740,2,46450.6,47069.2,47069.2,145967.9,0,0,0,0
741,2,46450.6,47069.2,47069.2,145982.3,0,0,0,0
742,2,46450.6,47069.2,47069.2,145995.3,0,0,0,0
743,2,46450.6,47069.2,47069.2,146008.9,0,0,0,0
744,2,46450.6,47069.2,47069.2,146024.0,0,0,0,0
745,2,46450.6,47069.2,47069.2,146037.5,0,0,0,0
746,2,46450.6,47069.2,47069.2,146049.0,0,0,0,0
747,2,46450.6,47069.2,47069.2,146061.9,0,0,0,0
748,2,46450.6,47069.2,47069.2,146072.9,0,0,0,0
749,2,46450.6,47069.2,47069.2,146085.2,0,0,0,0
750,2,46450.6,47069.2,47069.2,146116.3,0,0,0,0
751,2,46450.6,47069.2,47069.2,146131.3,0,0,0,0
752,2,46450.6,47069.2,47069.2,146143.4,0,0,0,0
753,2,46450.6,47069.2,47069.2,146155.8,0,0,0,0
754,2,46450.6,47069.2,47069.2,146169.1,0,0,0,0
755,2,46450.6,47069.2,47069.2,146182.7,0,0,0,0
756,2,46450.6,47069.2,47069.2,146194.8,0,0,0,0
757,2,46450.6,47069.2,47069.2,146207.9,0,0,0,0
758,2,46450.6,47069.2,47069.2,146219.9,0,0,0,0
759,2,46450.6,47069.2,47069.2,146233.2,0,0,0,0
760,2,46450.6,47069.2,47069.2,146246.9,0,0,0,0
761,2,46450.6,47069.2,47069.2,146260.5,0,0,0,0
762,2,46450.6,47069.2,47069.2,146273.3,0,0,0,0
763,2,46450.6,47069.2,47069.2,146286.0,0,0,0,0
764,2,46450.6,47069.2,47069.2,146299.9,0,0,0,0
765,2,46450.6,47069.2,47069.2,146311.4,0,0,0,0
766,2,46450.6,47069.2,47069.2,146324.8,0,0,0,0
767,2,46450.6,47069.2,47069.2,146337.8,0,0,0,0
768,2,46450.6,47069.2,47069.2,146351.0,0,0,0,0
769,2,46450.6,47069.2,47069.2,146362.5,0,0,0,0
770,2,46450.6,47069.2,47069.2,146373.1,0,0,0,0
771,2,46450.6,47069.2,47069.2,146386.2,0,0,0,0
772,2,46450.6,47069.2,47069.2,146399.1,0,0,0,0
773,2,46450.6,47069.2,47069.2,146411.9,0,0,0,0
774,2,46450.6,47069.2,47069.2,146426.6,0,0,0,0
775,2,46450.6,47069.2,47069.2,146438.9,0,0,0,0
776,2,46450.6,47069.2,47069.2,146454.0,0,0,0,0
777,2,46450.6,47069.2,47069.2,146467.2,0,0,0,0
778,2,46450.6,47069.2,47069.2,146481.4,0,0,0,0
779,2,46450.6,47069.2,47069.2,146495.5,0,0,0,0
780,2,46450.6,47069.2,47069.2,146510.3,0,0,0,0
781,2,46450.6,47069.2,47069.2,146521.4,0,0,0,0
782,2,46450.6,47069.2,47069.2,146534.3,0,0,0,0
783,2,46450.6,47069.2,47069.2,146549.3,0,0,0,0
784,2,46450.6,47069.2,47069.2,146563.4,0,0,0,0
785,2,46450.6,47069.2,47069.2,146578.0,0,0,0,0
786,2,46450.6,47069.2,47069.2,146593.0,0,0,0,0
787,2,46450.6,47069.2,47069.2,146606.5,0,0,0,0
788,2,46450.6,47069.2,47069.2,146619.9,0,0,0,0
789,2,46450.6,47069.2,47069.2,146635.5,0,0,0,0
790,2,46450.6,47069.2,47069.2,146649.4,0,0,0,0
791,2,46450.6,47069.2,47069.2,146659.8,0,0,0,0
792,2,46450.6,47069.2,47069.2,146671.1,0,0,0,0
793,2,46450.6,47069.2,47069.2,146683.8,0,0,0,0
794,2,46450.6,47069.2,47069.2,146696.5,0,0,0,0
795,2,46450.6,47069.2,47069.2,146711.6,0,0,0,0
796,2,46450.6,47069.2,47069.2,146724.2,0,0,0,0
797,2,46450.6,47069.2,47069.2,146737.7,0,0,0,0
798,2,46450.6,47069.2,47069.2,146750.1,0,0,0,0
799,2,46450.6,47069.2,47069.2,146763.6,0,0,0,0
800,2,46450.6,47069.2,47069.2,146776.3,0,0,0,0
801,2,46450.6,47069.2,47069.2,146790.5,0,0,0,0
802,2,46450.6,47069.2,47069.2,146803.8,0,0,0,0
803,2,46450.6,47069.2,47069.2,146817.9,0,0,0,0
804,2,46450.6,47069.2,47069.2,146830.3,0,0,0,0
805,2,46450.6,47069.2,47069.2,146843.8,0,0,0,0
806,2,46450.6,47069.2,47069.2,146856.7,0,0,0,0
807,2,46450.6,47069.2,47069.2,146869.5,0,0,0,0
808,2,46450.6,47069.2,47069.2,146884.9,0,0,0,0
809,2,46450.6,47069.2,47069.2,146896.3,0,0,0,0
810,2,46450.6,47069.2,47069.2,146910.2,0,0,0,0
811,2,46450.6,47069.2,47069.2,146923.3,0,0,0,0
812,2,46450.6,47069.2,47069.2,146934.4,0,0,0,0
813,2,46450.6,47069.2,47069.2,146947.2,0,0,0,0
814,2,46450.6,47069.2,47069.2,146958.2,0,0,0,0
815,2,46450.6,47069.2,47069.2,146970.0,0,0,0,0
816,2,46450.6,47069.2,47069.2,146982.2,0,0,0,0
817,2,46450.6,47069.2,47069.2,146996.9,0,0,0,0
818,2,46450.6,47069.2,47069.2,147008.3,0,0,0,0
819,2,46450.6,47069.2,47069.2,147021.0,0,0,0,0
820,2,46450.6,47069.2,47069.2,147034.1,0,0,0,0
821,2,46450.6,47069.2,47069.2,147047.8,0,0,0,0
822,2,46450.6,47069.2,47069.2,147062.5,0,0,0,0
823,2,46450.6,47069.2,47069.2,147073.8,0,0,0,0
824,2,46450.6,47069.2,47069.2,147086.6,0,0,0,0
825,2,46450.6,47069.2,47069.2,147099.6,0,0,0,0
826,2,46450.6,47069.2,47069.2,147111.8,0,0,0,0
827,2,46450.6,47069.2,47069.2,147124.8,0,0,0,0
828,2,46450.6,47069.2,47069.2,147139.1,0,0,0,0
829,2,46450.6,47069.2,47069.2,147152.2,0,0,0,0
830,2,46450.6,47069.2,47069.2,147164.6,0,0,0,0
831,2,46450.6,47069.2,47069.2,147178.2,0,0,0,0
832,2,46450.6,47069.2,47069.2,147189.8,0,0,0,0
833,2,46450.6,47069.2,47069.2,147202.7,0,0,0,0
834,2,46450.6,47069.2,47069.2,147215.4,0,0,0,0
835,2,46450.6,47069.2,47069.2,147229.6,0,0,0,0
836,2,46450.6,47069.2,47069.2,147243.9,0,0,0,0
837,2,46450.6,47069.2,47069.2,147257.0,0,0,0,0
838,2,46450.6,47069.2,47069.2,147269.6,0,0,0,0
839,2,46450.6,47069.2,47069.2,147282.3,0,0,0,0
840,2,46450.6,47069.2,47069.2,147294.3,0,0,0,0
841,2,46450.6,47069.2,47069.2,147307.2,0,0,0,0
842,2,46450.6,47069.2,47069.2,147322.0,0,0,0,0
843,2,46450.6,47069.2,47069.2,147334.9,0,0,0,0
844,2,46450.6,47069.2,47069.2,147348.4,0,0,0,0
845,2,46450.6,47069.2,47069.2,147359.3,0,0,0,0
846,2,46450.6,47069.2,47069.2,147373.5,0,0,0,0
847,2,46450.6,47069.2,47069.2,147387.1,0,0,0,0
848,2,46450.6,47069.2,47069.2,147402.1,0,0,0,0
849,2,46450.6,47069.2,47069.2,147416.0,0,0,0,0
850,2,46450.6,47069.2,47069.2,147429.8,0,0,0,0
851,2,46450.6,47069.2,47069.2,147443.4,0,0,0,0
852,2,46450.6,47069.2,47069.2,147455.2,0,0,0,0
853,2,46450.6,47069.2,47069.2,147467.8,0,0,0,0
854,2,46450.6,47069.2,47069.2,147479.7,0,0,0,0
855,2,46450.6,47069.2,47069.2,147493.9,0,0,0,0
856,2,46450.6,47069.2,47069.2,147507.9,0,0,0,0
857,2,46450.6,47069.2,47069.2,147522.9,0,0,0,0
858,2,46450.6,47069.2,47069.2,147536.5,0,0,0,0
859,2,46450.6,47069.2,47069.2,147549.8,0,0,0,0
860,2,46450.6,47069.2,47069.2,147562.5,0,0,0,0
861,2,46450.6,47069.2,47069.2,147574.7,0,0,0,0
862,2,46450.6,47069.2,47069.2,147587.8,0,0,0,0
863,2,46450.6,47069.2,47069.2,147601.2,0,0,0,0
864,2,46450.6,47069.2,47069.2,147613.1,0,0,0,0
865,2,46450.6,47069.2,47069.2,147625.8,0,0,0,0
866,2,46450.6,47069.2,47069.2,147639.8,0,0,0,0
867,2,46450.6,47069.2,47069.2,147652.5,0,0,0,0
868,2,46450.6,47069.2,47069.2,147663.5,0,0,0,0
869,2,46450.6,47069.2,47069.2,147674.8,0,0,0,0
870,2,46450.6,47069.2,47069.2,147688.8,0,0,0,0
871,2,46450.6,47069.2,47069.2,147701.8,0,0,0,0
872,2,46450.6,47069.2,47069.2,147715.5,0,0,0,0
873,2,46450.6,47069.2,47069.2,147728.9,0,0,0,0
874,2,46450.6,47069.2,47069.2,147742.9,0,0,0,0
875,2,46450.6,47069.2,47069.2,147756.6,0,0,0,0
876,2,46450.6,47069.2,47069.2,147771.3,0,0,0,0
877,2,46450.6,47069.2,47069.2,147783.4,0,0,0,0
878,2,46450.6,47069.2,47069.2,147795.2,0,0,0,0
879,2,46450.6,47069.2,47069.2,147807.7,0,0,0,0
880,2,46450.6,47069.2,47069.2,147820.5,0,0,0,0
881,2,46450.6,47069.2,47069.2,147833.6,0,0,0,0
882,2,46450.6,47069.2,47069.2,147844.9,0,0,0,0
883,2,46450.6,47069.2,47069.2,147857.8,0,0,0,0
884,2,46450.6,47069.2,47069.2,147872.4,0,0,0,0
885,2,46450.6,47069.2,47069.2,147884.4,0,0,0,0
886,2,46450.6,47069.2,47069.2,147899.0,0,0,0,0
887,2,46450.6,47069.2,47069.2,147913.6,0,0,0,0
888,2,46450.6,47069.2,47069.2,147924.8,0,0,0,0
889,2,46450.6,47069.2,47069.2,147936.4,0,0,0,0
890,2,46450.6,47069.2,47069.2,147948.5,0,0,0,0
891,2,46450.6,47069.2,47069.2,147962.3,0,0,0,0
892,2,46450.6,47069.2,47069.2,147973.7,0,0,0,0
893,2,46450.6,47069.2,47069.2,147988.2,0,0,0,0
894,2,46450.6,47069.2,47069.2,148003.1,0,0,0,0
895,2,46450.6,47069.2,47069.2,148014.3,0,0,0,0
896,2,46450.6,47069.2,47069.2,148027.9,0,0,0,0
897,2,46450.6,47069.2,47069.2,148042.7,0,0,0,0
898,2,46450.6,47069.2,47069.2,148057.8,0,0,0,0
899,2,46450.6,47069.2,47069.2,148073.0,0,0,0,0
900,3,46713.5,47069.2,47069.2,148068.5,0,0,0,0
901,3,46709.0,47069.2,47069.2,148064.1,0,0,0,0
902,3,46704.4,47069.2,47069.2,189411.7,0,0,0,1
903,3,46699.8,47069.2,47069.2,190785.3,0,0,0,1
904,3,46695.2,47069.2,47069.2,192787.4,0,0,0,1
905,3,46690.7,47069.2,47069.2,194211.9,0,0,0,1
906,3,46686.0,47069.2,47069.2,195619.8,0,0,0,1
907,3,46681.6,47069.2,47069.2,195708.5,0,0,0,0
908,3,46677.1,47069.2,47069.2,195797.5,0,0,0,0
909,3,46672.6,47069.2,47069.2,195886.2,0,0,0,0
910,3,46668.2,47069.2,47069.2,195975.2,0,0,0,0
911,3,46663.7,47069.2,47069.2,196064.5,0,0,0,0
912,3,46659.2,47069.2,47069.2,196153.0,0,0,0,0
913,3,46654.6,47069.2,47069.2,196241.6,0,0,0,0
914,3,46650.2,47069.2,47069.2,196330.5,0,0,0,0
915,3,46645.7,47069.2,47069.2,196419.5,0,0,0,0
916,3,46641.3,47069.2,47069.2,196508.6,0,0,0,0
917,3,46636.6,47069.2,47069.2,196597.2,0,0,0,0
918,3,46632.2,47069.2,47069.2,196686.1,0,0,0,0
919,3,46627.6,47069.2,47069.2,196774.6,0,0,0,0
920,3,46623.2,47069.2,47069.2,196864.0,0,0,0,0
921,3,46618.7,47069.2,47069.2,196952.6,0,0,0,0
922,3,46614.2,47069.2,47069.2,197041.2,0,0,0,0
923,3,46609.7,47069.2,47069.2,197129.7,0,0,0,0
924,3,46605.2,47069.2,47069.2,197218.2,0,0,0,0
925,3,46600.6,47069.2,47069.2,197307.0,0,0,0,0
926,3,46596.2,47069.2,47069.2,197395.1,0,0,0,0
927,3,46591.7,47069.2,47069.2,197484.1,0,0,0,0
928,3,46587.1,47069.2,47069.2,197572.5,0,0,0,0
929,3,46582.6,47069.2,47069.2,197662.2,0,0,0,0
930,3,46578.2,47069.2,47069.2,197751.0,0,0,0,0
931,3,46573.6,47069.2,47069.2,197839.7,0,0,0,0
932,3,46569.2,47069.2,47069.2,197928.7,0,0,0,0
933,3,46564.9,47069.2,47069.2,198018.0,0,0,0,0
934,3,46560.4,47069.2,47069.2,198107.0,0,0,0,0
935,3,46555.9,47069.2,47069.2,198195.6,0,0,0,0
936,3,46551.4,47069.2,47069.2,198284.4,0,0,0,0
937,3,46546.8,47069.2,47069.2,198372.7,0,0,0,0
938,3,46542.2,47069.2,47069.2,198461.4,0,0,0,0
939,3,46537.6,47069.2,47069.2,198550.0,0,0,0,0
940,3,46533.2,47069.2,47069.2,198638.7,0,0,0,0
941,3,46528.7,47069.2,47069.2,198727.7,0,0,0,0
942,3,46524.1,47069.2,47069.2,198816.6,0,0,0,0
943,3,46519.6,47069.2,47069.2,198905.4,0,0,0,0
944,3,46515.1,47069.2,47069.2,198993.9,0,0,0,0
945,3,46510.6,47069.2,47069.2,199082.5,0,0,0,0
946,3,46506.2,47069.2,47069.2,199171.1,0,0,0,0
947,3,46501.8,47069.2,47069.2,199259.8,0,0,0,0
948,3,46497.4,47069.2,47069.2,199348.4,0,0,0,0
949,3,46492.6,47069.2,47069.2,199436.8,0,0,0,0
950,3,46488.0,47069.2,47069.2,199525.4,0,0,0,0
951,3,46483.5,47069.2,47069.2,199614.4,0,0,0,0
952,3,46479.0,47069.2,47069.2,199703.2,0,0,0,0
953,3,46474.5,47069.2,47069.2,199792.2,0,0,0,0
954,3,46470.1,47069.2,47069.2,199880.8,0,0,0,0
955,3,46465.6,47069.2,47069.2,199969.3,0,0,0,0
956,3,46461.2,47069.2,47069.2,200057.9,0,0,0,0
957,3,46456.7,47069.2,47069.2,200146.5,0,0,0,0
958,3,46452.3,47069.2,47069.2,200235.1,0,0,0,0
959,3,46448.0,47069.2,47069.2,200324.1,0,0,0,0
960,3,46443.5,47069.2,47069.2,200412.7,0,0,0,0
961,3,46439.1,47069.2,47069.2,200501.7,0,0,0,0
962,3,46434.7,47069.2,47069.2,200590.7,0,0,0,0
963,3,46430.2,47069.2,47069.2,201126.6,0,0,0,1
964,3,46425.7,47069.2,47069.2,201217.4,0,0,0,0
965,3,46421.2,47069.2,47069.2,201308.3,0,0,0,0
966,3,46416.5,47069.2,47069.2,201398.9,0,0,0,0
967,3,46412.1,47069.2,47069.2,201489.6,0,0,0,0
968,3,46407.8,47069.2,47069.2,201580.7,0,0,0,0
969,3,46403.3,47069.2,47069.2,201672.0,0,0,0,0
970,3,46398.8,47069.2,47069.2,201762.9,0,0,0,0
971,3,46394.3,47069.2,47069.2,201853.9,0,0,0,0
972,3,46389.8,47069.2,47069.2,201945.1,0,0,0,0
973,3,46385.2,47069.2,47069.2,202036.3,0,0,0,0
974,3,46380.5,47069.2,47069.2,202127.3,0,0,0,0
975,3,46376.1,47069.2,47069.2,202218.4,0,0,0,0
976,3,46371.7,47069.2,47069.2,202309.4,0,0,0,0
977,3,46367.2,47069.2,47069.2,202400.5,0,0,0,0
978,3,46362.7,47069.2,47069.2,202491.5,0,0,0,0
979,3,46358.3,47069.2,47069.2,202582.3,0,0,0,0
980,3,46353.5,47069.2,47069.2,202672.8,0,0,0,0
981,3,46349.2,47069.2,47069.2,202763.7,0,0,0,0
982,3,46344.6,47069.2,47069.2,202854.7,0,0,0,0
983,3,46340.1,47069.2,47069.2,202945.7,0,0,0,0
984,3,46335.5,47069.2,47069.2,203036.5,0,0,0,0
985,3,46331.1,47069.2,47069.2,203127.7,0,0,0,0
986,3,46326.5,47069.2,47069.2,203218.7,0,0,0,0
987,3,46322.1,47069.2,47069.2,203309.5,0,0,0,0
988,3,46317.6,47069.2,47069.2,203400.7,0,0,0,0
989,3,46313.1,47069.2,47069.2,203491.8,0,0,0,0
990,3,46308.6,47069.2,47069.2,203582.2,0,0,0,0
991,3,46304.1,47069.2,47069.2,203673.0,0,0,0,0
992,3,46299.6,47069.2,47069.2,203764.2,0,0,0,0
993,3,46295.1,47069.2,47069.2,203855.1,0,0,0,0
994,3,46290.6,47069.2,47069.2,203945.9,0,0,0,0
995,3,46286.3,47069.2,47069.2,204037.1,0,0,0,0
996,3,46281.7,47069.2,47069.2,204128.4,0,0,0,0
997,3,46277.1,47069.2,47069.2,204219.0,0,0,0,0
998,3,46272.5,47069.2,47069.2,204309.8,0,0,0,0
999,3,46268.0,47069.2,47069.2,204400.5,0,0,0,0
1000,3,46263.6,47069.2,47069.2,204491.4,0,0,0,0
1001,3,46259.0,47069.2,47069.2,204582.1,0,0,0,0
1002,3,46254.6,47069.2,47069.2,204673.0,0,0,0,0
1003,3,46250.1,47069.2,47069.2,204763.6,0,0,0,0
1004,3,46245.7,47069.2,47069.2,204854.8,0,0,0,0
1005,3,46241.1,47069.2,47069.2,204945.3,0,0,0,0
1006,3,46236.6,47069.2,47069.2,205036.3,0,0,0,0
1007,3,46232.1,47069.2,47069.2,205127.3,0,0,0,0
1008,3,46227.6,47069.2,47069.2,205218.1,0,0,0,0
1009,3,46223.1,47069.2,47069.2,205309.2,0,0,0,0
1010,3,46218.6,47069.2,47069.2,205399.9,0,0,0,0
1011,3,46214.1,47069.2,47069.2,205490.7,0,0,0,0
1012,3,46209.7,47069.2,47069.2,205581.6,0,0,0,0
1013,3,46205.1,47069.2,47069.2,205672.5,0,0,0,0
1014,3,46200.6,47069.2,47069.2,205763.4,0,0,0,0
1015,3,46196.1,47069.2,47069.2,205854.7,0,0,0,0
1016,3,46191.6,47069.2,47069.2,205945.2,0,0,0,0
1017,3,46187.1,47069.2,47069.2,206035.9,0,0,0,0
1018,3,46182.6,47069.2,47069.2,206126.9,0,0,0,0
1019,3,46178.0,47069.2,47069.2,206218.0,0,0,0,0
1020,3,46173.5,47069.2,47069.2,206308.8,0,0,0,0
1021,3,46169.0,47069.2,47069.2,206399.8,0,0,0,0
1022,3,46164.6,47069.2,47069.2,206491.0,0,0,0,0
1023,3,46160.3,47069.2,47069.2,206581.9,0,0,0,0
1024,3,46155.9,47069.2,47069.2,206672.8,0,0,0,0
1025,3,46151.4,47069.2,47069.2,206763.8,0,0,0,0
1026,3,46146.9,47069.2,47069.2,206854.7,0,0,0,0
1027,3,46142.4,47069.2,47069.2,206945.8,0,0,0,0
1028,3,46137.9,47069.2,47069.2,207036.2,0,0,0,0
1029,3,46133.2,47069.2,47069.2,207127.6,0,0,0,0
1030,3,46128.7,47069.2,47069.2,207218.1,0,0,0,0
1031,3,46124.3,47069.2,47069.2,207309.0,0,0,0,0
1032,3,46119.9,47069.2,47069.2,207399.9,0,0,0,0
1033,3,46115.5,47069.2,47069.2,207491.1,0,0,0,0
1034,3,46111.0,47069.2,47069.2,207582.3,0,0,0,0
1035,3,46106.6,47069.2,47069.2,207673.2,0,0,0,0
1036,3,46102.1,47069.2,47069.2,207764.1,0,0,0,0
1037,3,46097.6,47069.2,47069.2,207855.1,0,0,0,0
1038,3,46093.2,47069.2,47069.2,207946.3,0,0,0,0
1039,3,46088.7,47069.2,47069.2,208037.5,0,0,0,0
1040,3,46084.3,47069.2,47069.2,208128.6,0,0,0,0
1041,3,46079.8,47069.2,47069.2,208219.7,0,0,0,0
1042,3,46075.4,47069.2,47069.2,208310.4,0,0,0,0
1043,3,46071.0,47069.2,47069.2,208401.7,0,0,0,0
1044,3,46066.5,47069.2,47069.2,208492.5,0,0,0,0
1045,3,46062.0,47069.2,47069.2,208583.4,0,0,0,0
1046,3,46057.4,47069.2,47069.2,208674.2,0,0,0,0
1047,3,46052.8,47069.2,47069.2,208765.0,0,0,0,0
1048,3,46048.3,47069.2,47069.2,208856.0,0,0,0,0
1049,3,46044.0,47069.2,47069.2,208947.0,0,0,0,0
1050,3,46039.8,47069.2,47069.2,209037.9,0,0,0,0
1051,3,46035.3,47069.2,47069.2,209129.0,0,0,0,0
1052,3,46030.9,47069.2,47069.2,209220.1,0,0,0,0
1053,3,46026.3,47069.2,47069.2,209310.9,0,0,0,0
1054,3,46021.8,47069.2,47069.2,209401.9,0,0,0,0
1055,3,46017.2,47069.2,47069.2,209492.8,0,0,0,0
1056,3,46012.6,47069.2,47069.2,209583.8,0,0,0,0
1057,3,46008.2,47069.2,47069.2,209674.6,0,0,0,0
1058,3,46003.6,47069.2,47069.2,209765.7,0,0,0,0
1059,3,45999.1,47069.2,47069.2,209856.7,0,0,0,0
1060,3,45994.6,47069.2,47069.2,209947.2,0,0,0,0
1061,3,45990.1,47069.2,47069.2,210038.4,0,0,0,0
1062,3,45985.7,47069.2,47069.2,210129.6,0,0,0,0
1063,3,45981.2,47069.2,47069.2,210220.7,0,0,0,0
1064,3,45976.7,47069.2,47069.2,210311.9,0,0,0,0
1065,3,45972.2,47069.2,47069.2,210402.2,0,0,0,0
1066,3,45967.7,47069.2,47069.2,210493.3,0,0,0,0
1067,3,45963.0,47069.2,47069.2,210584.1,0,0,0,0
1068,3,45958.7,47069.2,47069.2,210675.3,0,0,0,0
1069,3,45954.1,47069.2,47069.2,210766.3,0,0,0,0
1070,3,45949.5,47069.2,47069.2,210857.5,0,0,0,0
1071,3,45944.9,47069.2,47069.2,210948.6,0,0,0,0
1072,3,45940.4,47069.2,47069.2,211038.7,0,0,0,0
1073,3,45935.8,47069.2,47069.2,211129.7,0,0,0,0
1074,3,45931.3,47069.2,47069.2,211220.7,0,0,0,0
1075,3,45926.7,47069.2,47069.2,211311.8,0,0,0,0
1076,3,45922.2,47069.2,47069.2,211403.0,0,0,0,0
1077,3,45917.6,47069.2,47069.2,211494.0,0,0,0,0
1078,3,45913.1,47069.2,47069.2,211585.2,0,0,0,0
1079,3,45908.7,47069.2,47069.2,211676.3,0,0,0,0
1080,3,45904.3,47069.2,47069.2,211767.4,0,0,0,0
1081,3,45899.8,47069.2,47069.2,211858.5,0,0,0,0
1082,3,45895.1,47069.2,47069.2,211949.3,0,0,0,0
1083,3,45890.7,47069.2,47069.2,212040.5,0,0,0,0
1084,3,45886.2,47069.2,47069.2,212131.5,0,0,0,0
1085,3,45881.6,47069.2,47069.2,212222.1,0,0,0,0
1086,3,45877.1,47069.2,47069.2,212313.5,0,0,0,0
1087,3,45872.5,47069.2,47069.2,212404.2,0,0,0,0
1088,3,45868.0,47069.2,47069.2,212495.4,0,0,0,0
1089,3,45863.4,47069.2,47069.2,212586.4,0,0,0,0
1090,3,45858.8,47069.2,47069.2,212677.4,0,0,0,0
1091,3,45854.5,47069.2,47069.2,212768.5,0,0,0,0
1092,3,45849.9,47069.2,47069.2,212859.3,0,0,0,0
1093,3,45845.3,47069.2,47069.2,212950.3,0,0,0,0
1094,3,45840.9,47069.2,47069.2,213041.4,0,0,0,0
1095,3,45836.5,47069.2,47069.2,213131.9,0,0,0,0
1096,3,45832.0,47069.2,47069.2,213222.8,0,0,0,0
1097,3,45827.4,47069.2,47069.2,213313.7,0,0,0,0
1098,3,45822.9,47069.2,47069.2,213405.1,0,0,0,0
1099,3,45818.6,47069.2,47069.2,213496.2,0,0,0,0
1100,3,45814.1,47069.2,47069.2,213587.4,0,0,0,0
1101,3,45809.6,47069.2,47069.2,213678.6,0,0,0,0
1102,3,45805.0,47069.2,47069.2,213769.5,0,0,0,0
1103,3,45800.4,47069.2,47069.2,213860.3,0,0,0,0
1104,3,45795.9,47069.2,47069.2,213951.1,0,0,0,0
1105,3,45791.4,47069.2,47069.2,214041.9,0,0,0,0
1106,3,45786.9,47069.2,47069.2,214133.0,0,0,0,0
1107,3,45782.3,47069.2,47069.2,214223.9,0,0,0,0
1108,3,45777.8,47069.2,47069.2,214315.1,0,0,0,0
1109,3,45773.3,47069.2,47069.2,214406.2,0,0,0,0
1110,3,45768.8,47069.2,47069.2,214497.2,0,0,0,0
1111,3,45764.1,47069.2,47069.2,214587.4,0,0,0,0
1112,3,45759.6,47069.2,47069.2,214678.6,0,0,0,0
1113,3,45755.1,47069.2,47069.2,214769.7,0,0,0,0
1114,3,45750.5,47069.2,47069.2,214860.7,0,0,0,0
1115,3,45746.0,47069.2,47069.2,214952.0,0,0,0,0
1116,3,45741.4,47069.2,47069.2,215042.7,0,0,0,0
1117,3,45737.0,47069.2,47069.2,215133.2,0,0,0,0
1118,3,45732.4,47069.2,47069.2,215224.6,0,0,0,0
1119,3,45727.9,47069.2,47069.2,215315.8,0,0,0,0
1120,3,45723.4,47069.2,47069.2,215406.5,0,0,0,0
1121,3,45719.0,47069.2,47069.2,215497.5,0,0,0,0
1122,3,45714.7,47069.2,47069.2,215588.2,0,0,0,0
1123,3,45710.2,47069.2,47069.2,215679.3,0,0,0,0
1124,3,45705.7,47069.2,47069.2,215770.3,0,0,0,0
1125,3,45701.1,47069.2,47069.2,215861.1,0,0,0,0
1126,3,45696.5,47069.2,47069.2,215952.0,0,0,0,0
1127,3,45692.0,47069.2,47069.2,216042.9,0,0,0,0
1128,3,45687.6,47069.2,47069.2,216133.8,0,0,0,0
1129,3,45683.1,47069.2,47069.2,216224.9,0,0,0,0
1130,3,45678.4,47069.2,47069.2,216315.7,0,0,0,0
1131,3,45673.8,47069.2,47069.2,216406.7,0,0,0,0
1132,3,45669.3,47069.2,47069.2,216497.5,0,0,0,0
1133,3,45664.5,47069.2,47069.2,216588.4,0,0,0,0
1134,3,45660.0,47069.2,47069.2,216679.2,0,0,0,0
1135,3,45655.6,47069.2,47069.2,216770.3,0,0,0,0
1136,3,45651.0,47069.2,47069.2,216861.2,0,0,0,0
1137,3,45646.5,47069.2,47069.2,216952.2,0,0,0,0
1138,3,45642.0,47069.2,47069.2,217043.2,0,0,0,0
1139,3,45637.6,47069.2,47069.2,217134.3,0,0,0,0
1140,3,45633.1,47069.2,47069.2,217225.4,0,0,0,0
1141,3,45628.5,47069.2,47069.2,217316.2,0,0,0,0
1142,3,45624.0,47069.2,47069.2,217407.3,0,0,0,0
1143,3,45619.4,47069.2,47069.2,217498.5,0,0,0,0
1144,3,45614.8,47069.2,47069.2,217589.5,0,0,0,0
1145,3,45610.4,47069.2,47069.2,217679.9,0,0,0,0
1146,3,45605.9,47069.2,47069.2,217770.6,0,0,0,0
1147,3,45601.4,47069.2,47069.2,217861.0,0,0,0,0
1148,3,45596.8,47069.2,47069.2,217952.1,0,0,0,0
1149,3,45592.3,47069.2,47069.2,218043.3,0,0,0,0
1150,3,45587.8,47069.2,47069.2,218134.6,0,0,0,0
1151,3,45583.3,47069.2,47069.2,218224.9,0,0,0,0
1152,3,45578.7,47069.2,47069.2,218315.5,0,0,0,0
1153,3,45574.3,47069.2,47069.2,218406.9,0,0,0,0
1154,3,45569.8,47069.2,47069.2,218497.6,0,0,0,0
1155,3,45565.3,47069.2,47069.2,218588.5,0,0,0,0
1156,3,45560.9,47069.2,47069.2,218679.7,0,0,0,0
1157,3,45556.5,47069.2,47069.2,218770.5,0,0,0,0
1158,3,45552.0,47069.2,47069.2,218861.1,0,0,0,0
1159,3,45547.6,47069.2,47069.2,218951.8,0,0,0,0
1160,3,45543.1,47069.2,47069.2,219042.8,0,0,0,0
1161,3,45538.6,47069.2,47069.2,219133.3,0,0,0,0
1162,3,45534.2,47069.2,47069.2,219224.6,0,0,0,0
1163,3,45529.7,47069.2,47069.2,219315.4,0,0,0,0
1164,3,45525.1,47069.2,47069.2,219406.3,0,0,0,0
1165,3,45520.5,47069.2,47069.2,219496.4,0,0,0,0
1166,3,45516.0,47069.2,47069.2,219587.2,0,0,0,0
1167,3,45511.4,47069.2,47069.2,219678.3,0,0,0,0
1168,3,45506.9,47069.2,47069.2,219769.4,0,0,0,0
1169,3,45502.4,47069.2,47069.2,219860.2,0,0,0,0
1170,3,45497.9,47069.2,47069.2,219951.1,0,0,0,0
1171,3,45493.4,47069.2,47069.2,220042.2,0,0,0,0
1172,3,45488.9,47069.2,47069.2,220133.1,0,0,0,0
1173,3,45484.4,47069.2,47069.2,220224.2,0,0,0,0
1174,3,45479.8,47069.2,47069.2,220315.1,0,0,0,0
1175,3,45475.4,47069.2,47069.2,220406.2,0,0,0,0
1176,3,45470.9,47069.2,47069.2,220497.0,0,0,0,0
1177,3,45466.4,47069.2,47069.2,220588.0,0,0,0,0
1178,3,45462.0,47069.2,47069.2,220679.2,0,0,0,0
1179,3,45457.3,47069.2,47069.2,220770.0,0,0,0,0
1180,3,45452.9,47069.2,47069.2,220861.0,0,0,0,0
1181,3,45448.3,47069.2,47069.2,220952.2,0,0,0,0
1182,3,45444.0,47069.2,47069.2,221043.3,0,0,0,0
1183,3,45439.5,47069.2,47069.2,221134.4,0,0,0,0
1184,3,45435.0,47069.2,47069.2,221397.3,0,0,0,1
1185,3,45430.5,47069.2,47069.2,221392.8,0,0,0,0
1186,3,45426.2,47069.2,47069.2,221388.4,0,0,0,0
1187,3,45421.8,47069.2,47069.2,221384.1,0,0,0,0
1188,3,45417.3,47069.2,47069.2,221379.5,0,0,0,0
1189,3,45412.8,47069.2,47069.2,221375.1,0,0,0,0
1190,3,45408.3,47069.2,47069.2,221370.6,0,0,0,0
1191,3,45403.8,47069.2,47069.2,221366.1,0,0,0,0
1192,3,45399.3,47069.2,47069.2,221361.5,0,0,0,0
1193,3,45394.7,47069.2,47069.2,221356.9,0,0,0,0
1194,3,45390.1,47069.2,47069.2,221352.4,0,0,0,0
1195,3,45385.6,47069.2,47069.2,221347.8,0,0,0,0
1196,3,45381.0,47069.2,47069.2,221343.3,0,0,0,0
1197,3,45376.4,47069.2,47069.2,221338.7,0,0,0,0
1198,3,45372.0,47069.2,47069.2,221334.3,0,0,0,0
1199,3,45367.5,47069.2,47069.2,221329.8,0,0,0,0
1200,4,93164.7,47069.2,47069.2,221367.3,0,0,0,0
1201,4,93164.7,47069.2,47069.2,221402.2,0,0,0,0
1202,4,93164.7,47069.2,47069.2,221434.9,0,0,0,0
1203,4,93164.7,47069.2,47069.2,269232.1,0,0,0,1
1204,4,93164.7,47069.2,47069.2,271485.5,0,0,0,1
1205,4,93164.7,47069.2,47069.2,274057.1,0,0,0,1
1206,4,93164.7,47069.2,47069.2,285852.7,0,0,0,1
1207,4,93164.7,47069.2,47069.2,303379.4,0,0,0,1
1208,4,93164.7,47069.2,47069.2,303411.6,0,0,0,0
1209,4,93164.7,47069.2,47069.2,303444.7,0,0,0,0
1210,4,93164.7,47069.2,47069.2,303483.2,0,0,0,0
1211,4,93164.7,47069.2,47069.2,303515.0,0,0,0,0
1212,4,93164.7,47069.2,47069.2,303550.4,0,0,0,0
1213,4,93164.7,47069.2,47069.2,303589.4,0,0,0,0
1214,4,93164.7,47069.2,47069.2,303620.9,0,0,0,0
1215,4,93164.7,47069.2,47069.2,303651.4,0,0,0,0
1216,4,93164.7,47069.2,47069.2,303680.3,0,0,0,0
1217,4,93164.7,47069.2,47069.2,303712.6,0,0,0,0
1218,4,93164.7,47069.2,47069.2,303745.7,0,0,0,0
1219,4,93164.7,47069.2,47069.2,303783.1,0,0,0,0
1220,4,93164.7,47069.2,47069.2,303817.6,0,0,0,0
1221,4,93164.7,47069.2,47069.2,303848.9,0,0,0,0
1222,4,93164.7,47069.2,47069.2,303882.4,0,0,0,0
1223,4,93164.7,47069.2,47069.2,303909.9,0,0,0,0
1224,4,93164.7,47069.2,47069.2,303934.4,0,0,0,0
1225,4,93164.7,47069.2,47069.2,303965.8,0,0,0,0
1226,4,93164.7,47069.2,47069.2,303998.0,0,0,0,0
1227,4,93164.7,47069.2,47069.2,304027.8,0,0,0,0
1228,4,93164.7,47069.2,47069.2,304060.8,0,0,0,0
1229,4,93164.7,47069.2,47069.2,304091.6,0,0,0,0
1230,4,93164.7,47069.2,47069.2,304119.2,0,0,0,0
1231,4,93164.7,47069.2,47069.2,304150.2,0,0,0,0
1232,4,93164.7,47069.2,47069.2,304176.7,0,0,0,0
1233,4,93164.7,47069.2,47069.2,304208.4,0,0,0,0
1234,4,93164.7,47069.2,47069.2,304236.4,0,0,0,0
1235,4,93164.7,47069.2,47069.2,304266.3,0,0,0,0
1236,4,93164.7,47069.2,47069.2,304300.5,0,0,0,0
1237,4,93164.7,47069.2,47069.2,304332.4,0,0,0,0
1238,4,93164.7,47069.2,47069.2,304368.2,0,0,0,0
1239,4,93164.7,47069.2,47069.2,304406.6,0,0,0,0
1240,4,93164.7,47069.2,47069.2,304438.1,0,0,0,0
1241,4,93164.7,47069.2,47069.2,304471.4,0,0,0,0
1242,4,93164.7,47069.2,47069.2,304500.9,0,0,0,0
1243,4,93164.7,47069.2,47069.2,304533.8,0,0,0,0
1244,4,93164.7,47069.2,47069.2,304567.8,0,0,0,0
1245,4,93164.7,47069.2,47069.2,304597.0,0,0,0,0
1246,4,93164.7,47069.2,47069.2,304634.7,0,0,0,0
1247,4,93164.7,47069.2,64602.9,304673.0,0,0,1,0
1248,4,93164.7,47069.2,65849.1,304708.8,0,0,1,0
1249,4,93164.7,47069.2,67975.1,304745.1,0,0,1,0
1250,4,93164.7,47069.2,70238.1,304778.4,0,0,1,0
1251,4,93164.7,47069.2,72810.2,304814.0,0,0,1,0
1252,4,93164.7,47069.2,84623.7,304841.0,0,0,1,0
1253,4,93164.7,47069.2,102151.4,304873.3,0,0,1,0
1254,4,93164.7,47069.2,102184.0,304905.8,0,0,0,0
1255,4,93164.7,47069.2,102215.4,304937.3,0,0,0,0
1256,4,93164.7,47069.2,102247.8,304969.6,0,0,0,0
1257,4,93164.7,47069.2,102285.2,305007.1,0,0,0,0
1258,4,93164.7,47069.2,102321.8,305043.6,0,0,0,0
1259,4,93164.7,47069.2,102358.8,305080.6,0,0,0,0
1260,4,93164.7,47069.2,102384.8,305106.6,0,0,0,0
1261,4,93164.7,47069.2,102423.8,305145.6,0,0,0,0
1262,4,93164.7,47069.2,102455.9,305177.7,0,0,0,0
1263,4,93164.7,47069.2,102489.9,307306.9,0,0,0,1
1264,4,93164.7,47069.2,102525.8,308550.0,0,0,0,1
1265,4,93164.7,47069.2,102560.0,308944.4,0,0,0,0
1266,4,93164.7,47069.2,102597.4,309336.0,0,0,0,0
1267,4,93164.7,47069.2,102626.0,309732.5,0,0,0,0
1268,4,93164.7,47069.2,102657.7,310115.3,0,0,0,0
1269,4,93164.7,47069.2,102686.3,310495.0,0,0,0,0
1270,4,93164.7,47069.2,102717.1,310882.8,0,0,0,0
1271,4,93164.7,47069.2,102752.5,311275.6,0,0,0,0
1272,4,93164.7,47069.2,102791.1,311671.1,0,0,0,0
1273,4,93164.7,47069.2,102830.4,312063.2,0,0,0,0
1274,4,93164.7,47069.2,102867.9,312453.1,0,0,0,0
1275,4,93164.7,47069.2,102899.0,312843.7,0,0,0,0
1276,4,93164.7,47069.2,102930.1,313236.4,0,0,0,0
1277,4,93164.7,47069.2,102965.8,313625.0,0,0,0,0
1278,4,93164.7,47069.2,103000.1,314018.1,0,0,0,0
1279,4,93164.7,47069.2,103025.6,314403.4,0,0,0,0
1280,4,93164.7,47069.2,103056.3,314791.7,0,0,0,0
1281,4,93164.7,47069.2,103083.7,315178.5,0,0,0,0
1282,4,93164.7,47069.2,103112.4,315566.4,0,0,0,0
1283,4,93164.7,47069.2,103150.6,315950.0,0,0,0,0
1284,4,93164.7,47069.2,103181.2,316342.8,0,0,0,0
1285,4,93164.7,47069.2,103219.3,316725.3,0,0,0,0
1286,4,93164.7,47069.2,103250.5,317113.5,0,0,0,0
1287,4,93164.7,47069.2,103283.0,317496.2,0,0,0,0
1288,4,93164.7,47069.2,103322.9,317879.0,0,0,0,0
1289,4,93164.7,47069.2,103359.7,318263.7,0,0,0,0
1290,4,93164.7,47069.2,103390.0,318655.7,0,0,0,0
1291,4,93164.7,47069.2,103419.6,319037.1,0,0,0,0
1292,4,93164.7,47069.2,103455.5,319429.4,0,0,0,0
1293,4,93164.7,47069.2,103485.2,319814.5,0,0,0,0
1294,4,93164.7,47069.2,103522.4,320199.9,0,0,0,0
1295,4,93164.7,47069.2,103556.8,320586.8,0,0,0,0
1296,4,93164.7,47069.2,103592.3,320968.7,0,0,0,0
1297,4,93164.7,47069.2,103622.0,338493.8,0,0,0,1
1298,4,93164.7,47069.2,103655.0,338526.8,0,0,0,0
1299,4,93164.7,47069.2,103688.7,338560.6,0,0,0,0
1300,4,93164.7,47069.2,103720.9,338592.8,0,0,0,0
1301,4,93164.7,47069.2,103750.2,338622.0,0,0,0,0
1302,4,93164.7,47069.2,103786.3,338658.2,0,0,0,0
1303,4,93164.7,47069.2,103823.6,338695.4,0,0,0,0
1304,4,93164.7,47069.2,103852.7,338724.5,0,0,0,0
1305,4,93164.7,47069.2,103888.3,338760.2,0,0,0,0
1306,4,93164.7,47069.2,103923.9,338795.8,0,0,0,0
1307,4,93164.7,47069.2,103957.2,338829.1,0,0,0,0
1308,4,93164.7,47069.2,103991.5,338863.3,0,0,0,0
1309,4,93164.7,47069.2,104020.0,338891.8,0,0,0,0
1310,4,93164.7,47069.2,104054.4,338926.3,0,0,0,0
1311,4,93164.7,47069.2,104091.7,338963.6,0,0,0,0
1312,4,93164.7,47069.2,104125.2,338997.1,0,0,0,0
1313,4,93164.7,47069.2,104162.0,339033.8,0,0,0,0
1314,4,93164.7,47069.2,104199.4,339071.3,0,0,0,0
1315,4,93164.7,47069.2,104234.8,339106.6,0,0,0,0
1316,4,93164.7,47069.2,104272.3,339144.2,0,0,0,0
1317,4,93164.7,47069.2,104307.4,339179.3,0,0,0,0
1318,4,93164.7,47069.2,104344.9,339216.8,0,0,0,0
1319,4,93164.7,47069.2,104378.1,339249.9,0,0,0,0
1320,4,93164.7,47069.2,104408.4,339280.2,0,0,0,0
1321,4,93164.7,47069.2,104440.4,339312.2,0,0,0,0
1322,4,93164.7,47069.2,104478.2,339350.1,0,0,0,0
1323,4,93164.7,47069.2,104513.9,339385.8,0,0,0,0
1324,4,93164.7,47069.2,104544.1,339415.9,0,0,0,0
1325,4,93164.7,47069.2,104573.4,339445.3,0,0,0,0
1326,4,93164.7,47069.2,104609.9,339481.7,0,0,0,0
1327,4,93164.7,47069.2,104646.6,339518.5,0,0,0,0
1328,4,93164.7,47069.2,104680.0,339551.9,0,0,0,0
1329,4,93164.7,47069.2,104712.8,339584.6,0,0,0,0
1330,4,93164.7,47069.2,104743.4,339615.3,0,0,0,0
1331,4,93164.7,47069.2,104770.9,339642.8,0,0,0,0
1332,4,93164.7,47069.2,104807.5,339679.3,0,0,0,0
1333,4,93164.7,47069.2,104840.2,339712.0,0,0,0,0
1334,4,93164.7,47069.2,104875.7,339747.6,0,0,0,0
1335,4,93164.7,47069.2,104912.7,339784.5,0,0,0,0
1336,4,93164.7,47069.2,104949.3,339821.1,0,0,0,0
1337,4,93164.7,47069.2,104988.3,339860.2,0,0,0,0
1338,4,93164.7,47069.2,105021.2,339893.1,0,0,0,0
1339,4,93164.7,47069.2,105057.7,339929.5,0,0,0,0
1340,4,93164.7,47069.2,105091.6,339963.4,0,0,0,0
1341,4,93164.7,47069.2,105127.0,339998.9,0,0,0,0
1342,4,93164.7,47069.2,105161.3,340033.2,0,0,0,0
1343,4,93164.7,47069.2,105198.4,340070.2,0,0,0,0
1344,4,93164.7,47069.2,105235.5,340107.3,0,0,0,0
1345,4,93164.7,47069.2,105272.4,340144.3,0,0,0,0
1346,4,93164.7,47069.2,105302.5,340174.3,0,0,0,0
1347,4,93164.7,47069.2,105338.9,340210.8,0,0,0,0
1348,4,93164.7,47069.2,105366.6,340238.5,0,0,0,0
1349,4,93164.7,47069.2,105402.9,340274.8,0,0,0,0
1350,4,93164.7,47069.2,105434.1,340306.0,0,0,0,0
1351,4,93164.7,47069.2,105469.4,340341.3,0,0,0,0
1352,4,93164.7,47069.2,105506.8,340378.6,0,0,0,0
1353,4,93164.7,47069.2,105544.5,340416.3,0,0,0,0
1354,4,93164.7,47069.2,105578.4,340450.3,0,0,0,0
1355,4,93164.7,47069.2,105612.5,340484.4,0,0,0,0
1356,4,93164.7,47069.2,105652.2,340524.1,0,0,0,0
1357,4,93164.7,47069.2,105690.1,340562.0,0,0,0,0
1358,4,93164.7,47069.2,105720.6,340592.5,0,0,0,0
1359,4,93164.7,47069.2,105750.6,340622.5,0,0,0,0
1360,4,93164.7,47069.2,105776.5,340648.3,0,0,0,0
1361,4,93164.7,47069.2,105806.7,340678.6,0,0,0,0
1362,4,93164.7,47069.2,105845.4,340717.3,0,0,0,0
1363,4,93164.7,47069.2,105879.3,340751.1,0,0,0,0
1364,4,93164.7,47069.2,105908.4,340780.2,0,0,0,0
1365,4,93164.7,47069.2,105937.8,340809.7,0,0,0,0
1366,4,93164.7,47069.2,105974.1,340846.0,0,0,0,0
1367,4,93164.7,47069.2,106009.4,340881.3,0,0,0,0
1368,4,93164.7,47069.2,106041.7,340913.6,0,0,0,0
1369,4,93164.7,47069.2,106078.7,340950.5,0,0,0,0
1370,4,93164.7,47069.2,106111.0,340982.8,0,0,0,0
1371,4,93164.7,47069.2,106144.2,341016.0,0,0,0,0
1372,4,93164.7,47069.2,106176.9,341048.7,0,0,0,0
1373,4,93164.7,47069.2,106212.2,341084.0,0,0,0,0
1374,4,93164.7,47069.2,106249.1,341121.0,0,0,0,0
1375,4,93164.7,47069.2,106279.4,341151.2,0,0,0,0
1376,4,93164.7,47069.2,106312.4,341184.3,0,0,0,0
1377,4,93164.7,47069.2,106345.1,341216.9,0,0,0,0
1378,4,93164.7,47069.2,106381.1,341253.0,0,0,0,0
1379,4,93164.7,47069.2,106419.7,341291.5,0,0,0,0
1380,4,93164.7,47069.2,106443.1,341315.0,0,0,0,0
1381,4,93164.7,47069.2,106475.4,341347.2,0,0,0,0
1382,4,93164.7,47069.2,106507.2,341379.1,0,0,0,0
1383,4,93164.7,47069.2,106539.7,341411.6,0,0,0,0
1384,4,93164.7,47069.2,106563.7,341435.6,0,0,0,0
1385,4,93164.7,47069.2,106595.0,341466.8,0,0,0,0
1386,4,93164.7,47069.2,106631.2,341503.0,0,0,0,0
1387,4,93164.7,47069.2,106666.1,341537.9,0,0,0,0
1388,4,93164.7,47069.2,106699.0,341570.9,0,0,0,0
1389,4,93164.7,47069.2,106727.8,341599.6,0,0,0,0
1390,4,93164.7,47069.2,106763.3,341635.2,0,0,0,0
1391,4,93164.7,47069.2,106796.5,341668.4,0,0,0,0
1392,4,93164.7,47069.2,106833.3,341705.1,0,0,0,0
1393,4,93164.7,47069.2,106868.5,341740.3,0,0,0,0
1394,4,93164.7,47069.2,106902.7,341774.6,0,0,0,0
1395,4,93164.7,47069.2,106941.7,341813.5,0,0,0,0
1396,4,93164.7,47069.2,106979.5,341851.3,0,0,0,0
1397,4,93164.7,47069.2,107005.8,341877.6,0,0,0,0
1398,4,93164.7,47069.2,107043.6,341915.5,0,0,0,0
1399,4,93164.7,47069.2,107078.5,341950.4,0,0,0,0
1400,4,93164.7,47069.2,107108.9,341980.8,0,0,0,0
1401,4,93164.7,47069.2,107145.0,342016.8,0,0,0,0
1402,4,93164.7,47069.2,107181.5,342053.4,0,0,0,0
1403,4,93164.7,47069.2,107214.4,342086.2,0,0,0,0
1404,4,93164.7,47069.2,107247.6,342119.5,0,0,0,0
1405,4,93164.7,47069.2,107283.4,342155.3,0,0,0,0
1406,4,93164.7,47069.2,107320.2,342192.1,0,0,0,0
1407,4,93164.7,47069.2,107349.3,342221.2,0,0,0,0
1408,4,93164.7,47069.2,107385.8,342257.7,0,0,0,0
1409,4,93164.7,47069.2,107422.4,342294.3,0,0,0,0
1410,4,93164.7,47069.2,107457.0,342328.9,0,0,0,0
1411,4,93164.7,47069.2,107493.3,342365.1,0,0,0,0
1412,4,93164.7,47069.2,107520.0,342391.8,0,0,0,0
1413,4,93164.7,47069.2,107558.1,342429.9,0,0,0,0
1414,4,93164.7,47069.2,107595.6,342467.4,0,0,0,0
1415,4,93164.7,47069.2,107632.4,342504.3,0,0,0,0
1416,4,93164.7,47069.2,107669.7,342541.5,0,0,0,0
1417,4,93164.7,47069.2,107707.1,342578.9,0,0,0,0
1418,4,93164.7,47069.2,107735.2,342607.1,0,0,0,0
1419,4,93164.7,47069.2,107764.6,342636.4,0,0,0,0
1420,4,93164.7,47069.2,107799.0,342670.9,0,0,0,0
1421,4,93164.7,47069.2,107831.1,342703.0,0,0,0,0
1422,4,93164.7,47069.2,107868.0,342739.8,0,0,0,0
1423,4,93164.7,47069.2,107897.2,342769.1,0,0,0,0
1424,4,93164.7,47069.2,107930.6,342802.4,0,0,0,0
1425,4,93164.7,47069.2,107962.7,342834.6,0,0,0,0
1426,4,93164.7,47069.2,107993.3,342865.1,0,0,0,0
1427,4,93164.7,47069.2,108020.3,342892.2,0,0,0,0
1428,4,93164.7,47069.2,108053.2,342925.1,0,0,0,0
1429,4,93164.7,47069.2,108090.4,342962.3,0,0,0,0
1430,4,93164.7,47069.2,108121.6,342993.4,0,0,0,0
1431,4,93164.7,47069.2,108149.3,343021.2,0,0,0,0
1432,4,93164.7,47069.2,108185.9,343057.7,0,0,0,0
1433,4,93164.7,47069.2,108221.3,343093.2,0,0,0,0
1434,4,93164.7,47069.2,108253.8,343125.7,0,0,0,0
1435,4,93164.7,47069.2,108286.1,343158.0,0,0,0,0
1436,4,93164.7,47069.2,108315.4,343187.2,0,0,0,0
1437,4,93164.7,47069.2,108347.7,343219.6,0,0,0,0
1438,4,93164.7,47069.2,108378.4,343250.3,0,0,0,0
1439,4,93164.7,47069.2,108412.4,343284.3,0,0,0,0
1440,4,93164.7,47069.2,108448.7,343320.6,0,0,0,0
1441,4,93164.7,47069.2,108478.1,343349.9,0,0,0,0
1442,4,93164.7,47069.2,108513.0,343384.9,0,0,0,0
1443,4,93164.7,47069.2,108542.3,343414.2,0,0,0,0
1444,4,93164.7,47069.2,108573.9,343445.8,0,0,0,0
1445,4,93164.7,47069.2,108608.3,343480.2,0,0,0,0
1446,4,93164.7,47069.2,108643.0,343514.9,0,0,0,0
1447,4,93164.7,47069.2,108674.1,343546.0,0,0,0,0
1448,4,93164.7,47069.2,108712.6,343584.4,0,0,0,0
1449,4,93164.7,47069.2,108744.6,343616.5,0,0,0,0
1450,4,93164.7,47069.2,108780.2,343652.1,0,0,0,0
1451,4,93164.7,47069.2,108813.5,343685.3,0,0,0,0
1452,4,93164.7,47069.2,108847.1,343719.0,0,0,0,0
1453,4,93164.7,47069.2,108884.8,343756.7,0,0,0,0
1454,4,93164.7,47069.2,108923.3,343795.1,0,0,0,0
1455,4,93164.7,47069.2,108957.5,343829.4,0,0,0,0
1456,4,93164.7,47069.2,108987.0,343858.9,0,0,0,0
1457,4,93164.7,47069.2,109019.7,343891.6,0,0,0,0
1458,4,93164.7,47069.2,109058.6,343930.4,0,0,0,0
1459,4,93164.7,47069.2,109092.7,343964.6,0,0,0,0
1460,4,93164.7,47069.2,109125.8,343997.7,0,0,0,0
1461,4,93164.7,47069.2,109151.1,344023.0,0,0,0,0
1462,4,93164.7,47069.2,109187.6,344059.5,0,0,0,0
1463,4,93164.7,47069.2,109223.1,344094.9,0,0,0,0
1464,4,93164.7,47069.2,109260.6,344132.5,0,0,0,0
1465,4,93164.7,47069.2,109288.3,344160.2,0,0,0,0
1466,4,93164.7,47069.2,109320.2,344192.1,0,0,0,0
1467,4,93164.7,47069.2,109351.9,344223.7,0,0,0,0
1468,4,93164.7,47069.2,109382.2,344254.0,0,0,0,0
1469,4,93164.7,47069.2,109417.6,344289.4,0,0,0,0
1470,4,93164.7,47069.2,109447.6,344319.5,0,0,0,0
1471,4,93164.7,47069.2,109481.9,344353.8,0,0,0,0
1472,4,93164.7,47069.2,109515.7,344387.5,0,0,0,0
1473,4,93164.7,47069.2,109548.0,344419.8,0,0,0,0
1474,4,93164.7,47069.2,109584.1,344456.0,0,0,0,0
1475,4,93164.7,47069.2,109614.1,344486.0,0,0,0,0
1476,4,93164.7,47069.2,109648.8,344520.6,0,0,0,0
1477,4,93164.7,47069.2,109683.8,344555.7,0,0,0,0
1478,4,93164.7,47069.2,109722.2,344594.0,0,0,0,0
1479,4,93164.7,47069.2,109753.8,344625.7,0,0,0,0
1480,4,93164.7,47069.2,109791.6,344663.5,0,0,0,0
1481,4,93164.7,47069.2,109827.3,344699.1,0,0,0,0
1482,4,93164.7,47069.2,109855.5,344727.3,0,0,0,0
1483,4,93164.7,47069.2,109893.2,344765.1,0,0,0,0
1484,4,93164.7,47069.2,109933.2,344805.1,0,0,0,0
1485,4,93164.7,47069.2,109963.5,344835.4,0,0,0,0
1486,4,93164.7,47069.2,109992.3,344864.1,0,0,0,0
1487,4,93164.7,47069.2,110021.8,344893.6,0,0,0,0
1488,4,93164.7,47069.2,110052.5,344924.4,0,0,0,0
1489,4,93164.7,47069.2,110088.9,344960.8,0,0,0,0
1490,4,93164.7,47069.2,110119.3,344991.1,0,0,0,0
1491,4,93164.7,47069.2,110154.3,345026.2,0,0,0,0
1492,4,93164.7,47069.2,110184.6,345056.4,0,0,0,0
1493,4,93164.7,47069.2,110222.5,345094.4,0,0,0,0
1494,4,93164.7,47069.2,110260.6,345132.5,0,0,0,0
1495,4,93164.7,47069.2,110299.2,345171.0,0,0,0,0
1496,4,93164.7,47069.2,110332.4,345204.3,0,0,0,0
1497,4,93164.7,47069.2,110366.1,345237.9,0,0,0,0
1498,4,93164.7,47069.2,110400.6,345272.5,0,0,0,0
1499,4,93164.7,47069.2,110434.2,345306.1,0,0,0,0
